evento_id,repuesto_id,cantidad_utilizada,costo_unitario_momento
1,1,3.7,22527.66
2,6,1.9,4182.19
3,15,4.2,1624.27
5,5,2.0,21589.07
5,14,5.0,37106.22
7,14,3.6,44905.41
8,13,4.9,98763.97
11,7,2.2,4141.28
12,10,2.5,177013.01
14,14,3.3,23969.3
15,9,2.7,23800.05
16,14,2.2,28092.51
19,11,1.6,3115.19
19,15,1.5,1854.28
20,8,4.2,12794.16
20,14,1.7,46911.94
22,8,1.9,12794.52
26,13,1.8,57494.79
28,1,1.2,29091.55
28,9,1.9,38788.73
30,1,3.7,40077.72
30,8,2.8,13359.24
31,15,1.1,2126.24
31,2,1.9,2721.59
32,15,3.7,1022.97
33,1,3.7,20366.46
33,15,3.2,1131.47
34,14,4.7,45780.41
34,1,2.8,37456.7
35,13,3.3,38182.46
36,9,2.3,33211.86
36,5,3.9,17712.99
36,10,2.1,138382.76
39,7,2.4,6142.44
40,9,4.1,41287.79
41,3,4.9,2577.18
42,15,4.8,960.25
44,9,1.0,38332.2
45,6,4.0,5952.18
45,8,1.4,10503.85
46,10,2.5,220547.47
47,6,4.0,4252.69
48,4,3.4,163016.25
50,1,1.6,28630.39
52,14,3.9,24768.8
52,6,4.0,3827.91
53,13,3.7,56371.79
53,9,2.0,35603.24
54,13,3.5,73864.03
55,10,1.4,208658.6
56,3,3.7,2091.16
56,10,2.9,186710.72
57,14,4.7,46300.65
58,15,4.1,1683.4
59,11,4.6,2227.57
59,10,4.9,132593.33
61,13,3.3,44843.17
62,10,2.9,120141.95
62,2,4.5,1537.82
63,5,1.6,17129.02
64,14,3.2,28888.92
64,8,3.7,7878.8
64,12,4.9,6303.04
65,9,4.9,30667.12
66,3,4.6,1745.93
66,14,1.7,34295.06
67,12,3.4,8807.46
68,5,2.0,26437.07
69,3,4.6,2441.23
70,13,1.1,46022.03
71,15,4.1,1782.38
72,6,3.3,6663.96
74,11,1.4,1925.13
76,8,3.3,7611.69
77,3,4.0,1457.33
78,5,1.3,18120.99
78,2,4.2,1812.1
79,4,1.3,127999.31
80,11,3.9,3207.63
81,9,3.0,51802.18
83,9,3.0,55979.99
84,11,4.2,2386.28
86,5,2.0,25914.63
86,9,4.0,48589.93
86,12,1.3,9717.99
87,9,3.1,57039.31
88,3,1.7,1533.93
88,8,5.0,8217.47
89,12,4.8,4559.91
91,2,3.7,1526.0
91,8,4.9,7153.13
92,9,1.7,29437.82
93,7,4.3,7443.36
93,11,2.9,3290.75
94,2,4.6,2878.77
94,12,4.5,10795.39
95,6,2.5,7677.58
95,7,4.6,8580.83
96,6,2.9,6595.01
96,9,4.6,46552.99
97,9,3.9,45982.21
98,3,3.1,1844.14
98,4,3.5,118552.06
99,2,2.7,1644.76
99,9,2.6,30839.31
100,4,3.3,181858.79
101,1,3.1,18901.32
102,11,3.5,2074.69
103,13,4.5,63494.28
104,12,4.7,8139.72
105,14,3.2,23320.07
106,5,3.5,20543.95
107,15,4.1,1064.56
107,13,4.5,40453.43
109,5,1.7,23626.95
112,1,2.7,22665.79
113,12,1.6,7259.17
114,11,3.1,3052.6
114,13,4.7,69046.98
117,11,3.4,2070.28
118,3,2.6,2012.51
119,4,3.1,170549.21
122,8,4.4,11810.34
123,11,1.3,2536.93
124,3,3.7,2266.42
124,4,2.3,145698.68
125,7,2.5,8068.52
127,15,4.1,2138.72
128,4,2.7,117167.26
128,8,1.8,9763.94
129,12,3.5,7129.26
130,10,3.8,150034.11
130,5,2.7,19204.37
131,4,4.8,135859.54
132,6,4.0,7905.24
133,1,1.3,21441.17
134,7,4.4,6900.81
134,4,1.5,130752.1
135,7,1.9,8410.41
136,2,4.4,1840.92
137,15,2.5,2518.6
138,15,3.4,1081.17
138,10,3.4,108116.81
139,13,4.4,67037.61
140,9,3.6,43539.94
141,2,4.6,3462.37
142,12,2.6,5010.66
143,15,3.7,970.32
143,4,2.8,69863.04
144,9,2.5,30094.47
145,1,4.4,23305.94
145,14,2.9,28485.04
146,9,4.9,37978.11
147,5,4.5,24299.32
148,10,1.7,114260.27
148,1,1.5,20566.85
148,6,1.3,3884.85
149,5,2.1,19918.28
150,4,4.9,136680.87
150,15,4.8,1898.35
152,7,1.9,6872.49
152,14,4.9,39788.08
154,7,3.8,3839.76
155,14,4.9,28933.91
156,2,4.7,1565.2
157,5,4.9,17777.74
157,4,1.0,99999.8
157,13,4.4,52777.67
158,3,3.8,2118.44
159,7,2.6,8446.34
162,15,2.5,2025.16
162,6,4.4,6885.55
162,7,2.8,7695.62
163,1,2.8,22983.76
165,6,4.4,5794.13
166,4,3.5,129014.72
166,11,2.5,3010.34
167,2,3.8,1237.31
168,1,2.2,19495.15
169,1,3.7,23213.88
169,9,4.2,30951.84
170,6,1.3,7015.03
170,8,1.2,12379.47
171,14,1.2,24595.76
172,2,2.5,1705.42
172,4,2.7,95929.64
173,15,3.8,2496.9
174,6,4.6,3650.92
175,14,3.9,36543.43
175,3,1.6,1860.39
176,9,1.2,27238.45
177,11,2.5,2087.97
180,3,1.9,2270.15
181,7,1.0,5261.36
182,13,3.7,57472.44
184,4,2.2,176680.38
184,6,4.2,8343.24
186,10,3.7,97812.94
188,10,4.1,217610.56
189,4,3.1,101940.54
190,10,2.9,207444.92
191,1,1.5,21852.47
192,5,4.2,27620.04
193,1,4.6,20088.63
193,13,4.5,42409.33
196,9,4.1,42012.34
198,12,4.7,5476.01
199,3,3.6,1549.88
200,11,4.6,3227.9
201,11,2.6,4084.71
203,14,1.7,39925.66
203,6,1.5,6170.33
204,10,4.8,111834.85
204,15,2.7,1118.35
204,14,3.8,24603.67
206,6,1.1,3344.59
209,11,4.5,3032.66
209,3,1.6,2021.77
210,1,3.0,21281.96
211,15,4.3,1505.09
211,2,4.5,1926.52
212,5,4.0,16954.38
212,8,2.0,7947.37
214,1,1.6,39790.02
216,1,4.8,45379.94
218,12,1.6,6323.45
219,3,2.2,1651.88
220,7,4.6,5350.86
221,10,1.0,165640.48
222,12,4.6,11417.24
222,7,3.6,9038.65
222,1,1.5,42814.65
225,8,2.3,12981.72
225,1,3.0,38945.16
225,14,4.6,47599.65
227,14,3.9,34799.45
228,9,4.6,27428.52
229,10,3.8,194563.4
230,14,1.1,22741.69
230,7,2.5,3928.11
231,11,2.8,2114.47
231,4,1.0,90620.18
231,6,4.7,4279.29
234,5,1.3,18723.27
234,6,1.7,4973.37
235,10,1.3,179142.89
235,12,2.9,8598.86
236,5,4.2,28361.04
236,13,3.0,84196.83
236,2,1.2,2836.1
237,11,1.8,3122.02
238,10,3.5,146832.96
239,2,4.5,3233.29
241,11,4.2,2885.49
242,15,4.7,1096.32
242,9,2.4,26311.7
242,8,3.7,6577.92
243,12,2.2,8008.59
244,3,1.5,2122.77
247,11,4.8,3309.41
247,8,2.4,11819.31
247,1,2.4,35457.94
249,10,1.5,100622.73
249,6,1.7,3421.17
250,1,1.4,28696.73
250,10,4.5,159426.3
251,5,4.2,18938.98
252,1,2.9,41989.07
252,12,3.5,11197.09
254,3,1.2,1686.37
254,1,1.3,27102.31
257,12,2.2,8942.78
263,4,2.8,81964.75
263,9,3.0,27321.58
263,14,1.6,25044.79
264,6,3.3,6389.67
265,4,2.9,84898.44
265,11,1.3,1980.96
267,1,4.6,36732.23
267,10,4.3,204067.93
267,4,1.1,146928.91
268,5,3.5,29831.75
268,3,1.0,2610.28
269,1,1.1,42218.79
270,1,3.9,25294.17
271,6,4.8,3832.15
271,14,1.9,24796.28
272,7,1.7,4309.42
272,9,2.5,27217.39
272,12,3.4,5443.48
273,12,1.4,7816.82
273,15,2.8,1628.5
274,5,2.5,31477.92
275,5,2.2,15337.88
275,7,2.2,4553.43
276,8,4.6,13152.87
277,3,3.3,2479.72
278,8,4.8,9902.25
278,10,3.8,165037.57
279,12,3.1,11027.18
280,7,2.0,4117.97
280,15,2.3,1083.68
281,9,2.4,30684.26
282,11,2.8,3051.68
282,13,2.0,69026.03
282,2,3.1,2325.09
283,7,4.9,4287.32
284,13,4.6,45175.08
284,9,1.9,28531.63
285,15,4.7,1505.82
289,10,4.2,217923.31
290,10,3.4,157637.98
293,3,4.2,2795.88
293,5,4.6,31952.94
294,6,2.1,6262.73
294,15,1.7,1841.98
295,1,3.5,18775.31
295,5,5.0,13351.33
295,14,2.5,22947.6
296,15,1.7,1076.95
297,8,3.1,6748.58
300,4,2.1,85705.44
300,8,3.0,7142.12
302,9,4.1,65887.0
303,13,3.5,38295.73
304,4,1.5,120028.1
304,7,4.3,6334.82
305,15,1.2,1300.03
306,9,4.4,37028.81
306,4,4.5,111086.42
307,15,2.7,1140.09
308,10,5.0,121527.49
309,2,2.4,1645.14
310,1,3.5,42271.35
311,12,2.7,5813.4
312,6,2.2,7491.13
312,5,3.9,28201.91
313,13,1.5,41280.24
313,3,4.8,1216.68
314,14,3.6,24566.29
314,7,4.4,4243.27
315,5,2.9,16258.11
315,11,1.7,2133.88
315,10,4.6,127016.49
316,1,4.1,31508.16
316,3,2.0,1960.51
323,4,1.1,185657.21
324,13,2.4,47604.96
324,4,2.9,90198.87
329,5,3.2,31807.28
335,4,4.8,150058.64
337,13,3.5,81315.67
341,13,2.2,72921.96
346,4,1.7,86831.66
346,5,3.7,15436.74
348,3,3.7,1276.28
349,9,1.6,31683.74
350,14,4.2,28458.3
352,6,2.0,5038.14
353,14,2.4,35374.24
354,3,4.4,1876.23
354,11,2.0,2814.34
355,11,2.7,2799.19
355,5,2.9,21327.14
356,7,2.9,6471.01
357,8,3.5,11976.39
359,9,4.9,50158.47
359,7,1.9,7941.76
364,7,2.0,8374.69
364,1,3.9,39669.59
380,9,1.8,45502.09
382,9,4.1,47127.33
383,13,1.0,70410.63
384,6,3.1,7678.58
385,2,3.3,2991.77
385,15,3.7,2337.32
388,11,4.9,1909.64
393,13,3.7,47145.23
396,6,1.5,5461.79
399,12,4.6,8488.38
399,6,1.1,6012.6
400,10,3.4,195651.17
400,7,3.5,7434.74
400,3,4.8,2191.29
401,7,1.5,8515.92
405,12,3.4,11552.88
406,13,4.9,41786.06
407,5,3.5,12355.32
411,9,1.4,30642.39
412,4,2.1,96313.76
412,14,2.7,29429.2
413,5,1.4,17802.07
413,7,4.1,5284.99
417,1,3.0,26194.34
426,6,2.4,8007.15
427,8,4.1,13716.23
429,10,4.0,109492.43
429,5,3.0,14015.03
429,2,1.9,1401.5
431,13,3.5,44572.63
432,13,3.9,47952.36
434,4,3.6,95301.37
434,15,3.2,1323.63
434,9,4.5,31767.12
435,13,4.4,54047.61
437,15,2.0,1388.69
437,6,1.7,4721.54
438,5,1.8,21917.75
443,4,2.8,143181.08
447,10,4.1,247403.09
447,8,3.0,14844.19
448,7,1.2,3912.85
448,8,3.6,6178.19
448,10,1.0,102969.82
449,11,4.6,1711.38
450,13,3.9,45090.97
455,12,3.6,6561.02
459,3,4.6,1552.69
460,9,1.8,39603.0
462,3,3.3,1988.38
463,12,1.2,8969.47
469,2,1.0,1335.34
469,9,4.3,25037.62
471,12,4.6,5698.06
471,1,2.0,21367.71
472,2,3.7,1406.49
475,14,3.1,31333.44
476,1,3.1,26247.28
477,10,2.0,149617.67
477,12,1.8,7181.65
478,14,3.0,33484.11
480,6,3.3,5763.46
481,5,3.6,21496.79
481,2,1.3,2149.68
482,2,1.6,2253.04
485,1,4.1,40530.98
486,7,3.9,9146.55
486,5,3.2,30809.44
486,15,3.4,2406.99
488,11,1.3,4439.84
489,7,3.7,3645.37
490,9,1.4,26998.38
490,12,3.3,5399.68
492,8,3.1,7046.0
494,1,5.0,21548.25
497,14,3.8,33529.93
497,2,3.0,1950.83
498,14,3.9,35628.69
498,9,3.5,38867.66
498,1,1.3,29150.75
499,6,1.5,5952.34
501,14,4.1,39937.31
501,9,3.9,43567.97
502,12,3.1,8378.1
502,10,4.5,174543.75
502,11,4.2,2932.33
503,1,1.6,36494.96
503,14,2.4,44604.95
504,5,1.4,23159.45
507,11,1.8,3557.57
507,3,4.2,2371.72
509,3,3.5,2519.55
510,1,1.5,46689.78
516,9,3.6,33779.06
516,12,4.5,6755.81
518,9,4.9,34671.98
521,14,1.0,35125.18
522,4,4.9,132472.79
527,1,2.9,39586.2
530,6,2.4,7789.48
545,12,4.0,8926.42
546,4,3.1,140145.65
548,1,2.3,38080.6
548,2,1.1,2707.95
548,6,1.1,7193.0
551,9,4.3,29844.87
551,5,3.0,15917.27
551,10,1.5,124353.64
552,7,3.4,5719.01
554,13,3.7,78922.22
557,1,4.7,25906.95
557,6,3.9,4893.54
560,8,2.4,6997.75
560,15,3.9,1166.29
566,14,3.6,31443.16
566,2,3.0,1829.42
567,4,4.2,112740.91
578,6,1.4,4370.67
582,11,4.1,2058.22
584,1,2.5,31833.89
588,1,1.4,25407.02
588,12,3.2,6775.21
593,15,2.2,1110.14
597,3,3.1,1236.44
597,5,3.2,14130.74
598,9,3.8,36141.4
601,8,3.1,7190.36
602,3,3.0,1644.17
606,1,1.8,22277.64
611,4,4.2,80103.55
612,7,3.0,4209.29
614,1,3.9,23112.93
614,3,3.0,1438.14
614,5,4.5,16435.86
615,1,3.8,20630.34
619,3,4.1,1852.13
628,14,4.2,22554.52
630,13,2.9,39264.48
632,3,1.1,1260.74
633,1,2.7,19544.61
633,8,3.7,6514.87
641,10,2.2,169266.0
644,11,4.6,3693.88
644,13,4.1,83552.0
650,1,4.8,17112.56
651,10,1.2,99660.47
652,15,2.6,1172.9
655,5,3.8,17742.09
656,12,4.0,6123.62
656,5,2.6,16329.66
658,1,2.9,27257.87
661,10,3.1,219523.93
663,4,3.5,167006.96
665,14,3.9,52493.23
669,14,1.8,29004.65
669,15,4.7,1318.39
670,4,2.9,92375.57
670,5,4.9,16422.32
671,7,2.0,4569.65
671,4,4.0,86582.83
673,5,3.6,18144.07
675,8,4.7,8630.98
677,10,4.1,152588.04
677,9,3.9,36621.13
678,6,3.7,5891.82
679,13,2.8,79073.71
680,6,4.5,6910.67
684,10,1.8,228485.26
684,4,3.8,164509.39
685,6,1.9,7071.26
686,7,4.6,8948.21
686,11,4.5,3956.05
691,9,4.2,27982.3
694,12,4.4,7907.92
695,10,4.3,163394.48
695,15,1.3,1633.94
695,2,2.0,2091.45
696,9,2.8,41734.36
711,15,1.6,1180.63
712,8,2.6,7776.81
712,10,4.5,129613.48
715,13,2.3,56473.01
715,7,3.9,5647.3
715,5,3.1,19022.49
716,14,3.0,36314.75
717,7,3.1,6001.58
717,4,2.5,113714.09
718,15,1.4,1713.94
718,5,3.5,21938.47
719,6,3.7,5745.28
721,8,3.5,13868.24
721,13,3.1,87832.2
723,3,4.0,2667.05
726,7,4.6,3783.66
727,15,3.0,1113.64
728,14,3.7,25873.08
728,8,4.1,7056.29
728,11,4.9,1975.76
730,10,2.8,132265.97
731,7,1.2,5716.11
734,13,2.3,67865.22
734,9,3.3,42862.24
734,15,3.9,1785.93
736,11,2.8,2826.25
736,13,1.2,63927.09
738,15,1.8,2145.67
738,11,1.4,3604.72
738,10,1.3,214566.68
741,6,4.3,8443.15
741,1,4.8,44699.04
744,6,3.3,4346.51
745,14,2.6,28957.28
749,2,1.8,1952.23
752,3,1.4,2077.39
753,8,2.6,11808.44
756,4,3.0,164603.46
757,6,3.9,7815.89
758,5,3.9,28169.87
758,6,3.6,7482.62
760,2,2.6,3124.23
763,7,2.7,4289.66
765,2,1.4,1441.11
767,14,4.7,28446.47
770,6,2.9,5213.56
771,1,3.3,27904.96
773,1,3.6,28848.21
773,2,1.9,2051.43
776,8,1.3,13316.9
778,4,4.2,148887.77
780,2,4.3,3103.02
781,7,3.5,10268.17
781,3,4.9,3026.41
781,11,2.6,4539.61
783,10,4.8,118944.58
788,9,4.1,32285.38
800,14,5.0,52876.87
803,3,1.0,1234.43
803,13,4.7,41882.61
805,9,3.2,27622.29
805,11,1.3,1933.56
809,2,1.3,1752.32
809,11,1.4,2299.92
810,2,4.5,1612.1
810,10,2.8,125944.94
811,11,2.5,2308.54
811,2,3.8,1758.89
812,5,2.1,18610.33
813,7,1.8,5523.86
815,13,3.8,59215.42
819,9,4.5,46142.55
820,15,4.7,2081.47
821,10,2.5,224866.22
821,15,2.2,2248.66
822,3,4.5,2365.19
822,10,2.2,211177.84
828,4,2.7,80680.49
829,4,1.2,88699.38
832,7,4.7,5601.32
833,13,3.8,52835.64
834,14,4.0,31914.13
834,2,2.5,1856.82
840,15,3.4,1754.09
841,9,3.0,43858.18
842,6,4.1,7284.37
842,5,4.4,27423.5
845,14,3.2,52163.79
848,12,4.3,5443.24
850,10,2.5,114070.84
855,3,3.0,1378.01
857,4,3.8,101081.43
857,14,1.3,30885.99
862,6,1.6,6251.4
864,8,4.1,12532.1
877,4,1.6,81469.24
878,3,3.7,1533.42
878,8,4.1,8214.77
880,1,4.5,34370.11
880,5,4.3,24440.97
880,13,4.6,72559.13
883,1,1.8,38118.65
884,9,4.2,54051.02
886,12,4.5,5634.15
888,13,3.0,52832.15
888,14,1.8,30587.03
890,4,3.8,114789.8
890,5,1.1,20407.08
891,5,2.1,26320.34
895,14,2.2,23955.51
899,8,2.6,8079.81
899,9,2.6,32319.24
900,11,3.1,2622.79
900,6,3.8,5308.02
905,11,2.2,4199.9
905,5,2.1,31999.24
906,7,1.7,3551.68
906,10,1.3,93465.15
906,9,4.3,22431.64
907,10,1.1,118469.36
907,13,2.9,45018.36
907,12,3.4,5686.53
908,1,3.0,23078.84
908,6,2.0,4359.34
908,15,4.9,1282.16
909,5,3.0,15132.07
912,2,1.8,3481.94
914,15,3.1,1075.71
915,4,2.7,85405.06
915,3,1.9,1328.52
916,8,1.2,8145.2
917,1,1.8,27323.37
919,6,1.7,6310.62
919,1,4.5,33409.16
919,9,3.1,44545.54
921,13,4.0,90424.86
922,4,1.5,87372.41
929,14,3.8,46007.31
934,14,3.1,26007.35
934,10,4.2,118215.22
935,12,1.4,5617.29
935,6,1.6,3978.91
935,2,1.4,1497.94
936,10,4.5,141873.93
936,14,2.0,31212.26
936,15,3.8,1418.74
942,9,2.0,54106.82
943,11,4.5,2000.71
949,8,1.7,13472.47
949,12,1.3,10777.98
950,11,2.4,3757.26
953,15,3.6,1199.63
955,5,2.4,18632.82
955,11,2.5,2445.56
957,6,2.6,6780.72
959,7,4.8,8472.83
960,10,3.4,245531.64
963,11,4.6,2028.28
963,2,4.0,1545.36
964,9,4.7,33737.02
967,8,1.6,9654.09
969,11,1.9,3002.41
970,3,3.8,2623.32
971,15,3.5,2699.34
973,12,4.3,4753.56
974,8,3.6,6150.4
978,11,3.0,2075.43
978,7,2.7,4694.42
984,14,3.7,30588.77
987,4,3.5,97674.71
990,1,3.9,29186.23
990,4,5.0,116744.93
991,4,1.1,113044.52
991,15,3.9,1570.06
992,3,2.2,2117.35
992,13,1.5,71838.73
994,15,1.9,1868.3
995,8,3.2,11715.83
995,10,3.6,195263.82
996,4,3.8,132401.53
996,3,4.0,2059.58
1005,3,2.6,2819.65
1005,10,4.4,251754.8
1006,7,1.5,9830.4
1008,2,1.7,3260.2
1008,3,2.4,2852.67
1009,15,2.7,1128.56
1011,1,4.0,20253.16
1014,2,3.3,1428.73
1014,7,4.9,4241.54
1014,15,1.1,1116.2
1017,12,4.7,5938.89
1020,11,3.5,2151.47
1021,2,3.6,1721.87
1029,8,3.3,8813.37
1030,6,2.6,6105.52
1034,10,2.3,181573.35
1034,1,4.0,32683.2
1034,15,4.6,1815.73
1037,1,2.5,40504.6
1037,7,2.4,8550.97
1037,11,3.7,3780.43
1042,15,4.2,2272.94
1043,9,3.0,61714.45
1043,7,3.3,9771.45
1044,1,2.9,48114.53
1044,7,2.1,10157.51
1045,9,2.4,57494.45
1046,4,3.4,74346.24
1048,8,2.5,6386.42
1048,14,4.0,23416.86
1048,7,1.7,4044.73
1051,10,2.0,101071.17
1053,11,3.5,1821.07
1057,3,1.5,1488.77
1060,4,3.8,112640.03
1060,1,2.4,28160.01
1060,14,3.2,34417.79
1061,15,2.5,1484.21
1064,13,4.8,54306.57
1066,3,3.8,1919.81
1066,8,1.0,10284.69
1068,1,1.6,31360.02
1070,5,2.7,22465.66
1071,4,4.5,121006.98
1071,14,1.7,36974.36
1075,15,2.4,1918.85
1075,5,3.4,24561.3
1075,1,1.3,34539.33
1076,12,3.2,9689.77
1078,12,1.2,9901.9
1080,9,2.1,49824.73
1080,4,2.8,149474.18
1084,14,1.3,57537.01
1085,13,3.4,91991.25
1086,12,4.5,5046.16
1086,8,1.1,6307.7
1086,7,3.2,3994.88
1087,2,3.8,1397.99
1089,11,1.2,1896.16
1089,10,1.1,112866.41
1091,2,4.5,1279.22
1092,6,2.2,3839.26
1097,4,2.4,97701.48
1099,6,1.9,5162.09
1099,5,1.5,19433.77
1100,7,4.9,5585.63
1104,5,1.6,20476.51
1104,8,3.9,9598.37
1104,3,1.9,1791.69
1105,15,2.2,1622.65
1106,14,2.8,38983.72
1107,4,2.9,121728.59
1109,1,2.3,33382.04
1112,1,2.1,38329.83
1115,1,4.7,37596.29
1115,15,1.0,2088.68
1117,15,4.9,2103.29
1117,4,3.7,151436.6
1118,4,2.6,170293.05
1118,13,3.8,89876.89
1118,7,3.5,8987.69
1121,11,1.8,4153.03
1123,14,3.8,24934.29
1124,11,4.6,1951.48
1127,10,1.1,109575.96
1130,3,4.2,1571.39
1130,7,4.4,5331.49
1138,12,2.5,9646.12
1139,3,4.6,2389.34
1140,3,2.3,2509.87
1143,11,4.8,1560.39
1147,9,1.8,32289.36
1147,12,1.4,6457.87
1148,11,1.1,2349.35
1148,12,3.0,6712.42
1151,4,3.4,125378.3
1157,1,2.8,41310.86
1158,2,2.2,2942.77
1158,11,1.7,3862.39
1163,10,3.8,107694.78
1164,1,3.7,20323.2
1166,2,2.6,1470.18
1167,12,3.6,6025.32
1170,4,1.6,90013.78
1171,14,3.4,33189.13
1171,6,3.6,5129.23
1171,5,1.9,19310.04
1174,10,4.6,192091.49
1175,9,1.9,44440.46
1176,5,4.1,24777.31
1178,15,3.2,2202.14
1179,12,2.1,11522.54
1180,11,3.7,4005.72
1182,8,2.8,16396.72
1185,13,3.2,42674.41
1185,4,2.0,80856.78
1185,5,5.0,14374.54
1186,4,3.7,76091.74
1193,2,2.8,1948.58
1193,15,3.0,1522.33
1197,3,1.8,1945.32
1199,9,3.2,50853.6
1205,6,1.3,4194.8
1205,11,3.9,2072.72
1208,12,4.9,6847.49
1210,11,4.0,2849.65
1210,8,2.2,10177.33
1211,9,2.0,48177.1
1213,5,3.2,27457.07
1213,7,4.8,8151.32
1215,8,2.3,6596.51
1218,11,3.2,2401.97
1218,2,2.6,1830.07
1218,5,1.8,18300.75
1219,7,2.9,5293.65
1227,13,2.1,47092.67
1228,6,2.0,4814.43
1230,9,3.7,43254.15
1232,3,3.2,2875.24
1232,13,1.3,97552.81
1233,15,4.8,1016.39
1234,12,1.2,5107.34
1235,15,2.7,1252.83
1237,4,4.2,104294.48
1237,5,3.5,18541.24
1238,15,4.9,2022.44
1238,7,1.5,7685.26
1240,1,2.6,46462.98
1240,5,4.4,33040.34
1241,12,3.1,4917.81
1241,15,3.7,1024.54
1241,8,1.5,6147.26
1245,8,1.6,7937.62
1246,15,3.1,1480.51
1246,4,3.8,106597.04
1249,7,1.6,7415.77
1251,10,4.6,227981.33
1256,13,4.5,60817.22
1262,13,1.4,84049.83
1263,10,2.7,110471.8
1263,1,2.8,19884.92
1265,9,2.1,34919.39
1267,4,3.3,133353.99
1269,13,1.5,71452.58
1269,11,4.9,3158.96
1270,5,3.5,28609.23
1270,7,3.0,8493.36
1271,6,2.6,8520.1
1273,9,4.0,23293.13
1275,5,2.4,16824.83
1276,4,3.3,104906.85
1276,6,3.7,4953.93
1277,8,4.7,9929.49
1279,2,2.7,2823.59
1279,1,2.9,39706.73
1282,9,1.9,25912.45
1283,1,4.9,20894.17
1286,9,3.0,44792.74
1286,3,3.7,2090.33
1287,8,1.6,13445.37
1287,12,1.1,10756.3
1290,6,1.7,3313.77
1292,5,4.8,15772.71
1293,10,2.3,111595.7
1295,12,4.0,5838.77
1295,15,4.1,1216.41
1296,3,3.9,1677.88
1296,4,1.9,107863.84
1297,9,4.2,36909.86
1297,8,3.9,9227.46
1299,14,1.3,35617.5
1300,10,4.3,183472.46
1311,14,1.8,23620.05
1313,12,1.4,5681.61
1313,2,1.2,1515.1
1313,8,3.1,7102.01
1314,8,1.1,7524.28
1315,3,3.5,1535.92
1317,12,4.5,7704.12
1317,14,1.5,35310.54
1321,4,1.9,146639.33
1322,15,1.7,2054.83
1324,1,1.7,42452.05
1333,11,1.9,2484.74
1335,7,4.4,6812.78
1336,6,4.4,6679.07
1336,3,1.7,2200.17
1338,9,4.9,45671.26
1342,3,1.0,2875.84
1344,4,2.0,80913.64
1345,6,2.8,4227.57
1346,9,2.8,28025.58
1347,5,2.2,17300.43
1347,4,1.3,97314.93
1347,2,2.5,1730.04
1350,9,4.6,33372.35
1350,8,1.9,8343.09
1351,11,2.4,2930.88
1352,2,4.8,2126.97
1352,7,1.3,6314.43
1352,12,4.0,7976.12
1356,6,2.2,7159.93
1356,15,2.4,2105.86
1359,2,2.2,2647.71
1362,15,4.5,2627.02
1362,2,1.3,3362.59
1364,1,1.8,18522.09
1364,14,1.2,22638.11
1365,12,3.2,5097.7
1366,3,3.6,1192.07
1375,11,3.2,3148.8
1377,11,2.3,3393.2
1382,8,2.5,13352.14
1383,2,3.7,3193.54
1383,13,4.0,94808.08
1385,4,1.4,89903.34
1387,2,1.5,1690.01
1398,9,5.0,26113.74
1399,15,3.3,1122.14
1399,7,4.8,4264.14
1399,4,4.4,80794.23
1402,14,1.3,22705.59
1403,4,1.6,81068.53
1404,5,3.7,13013.55
1410,1,4.3,21805.6
1411,9,1.7,28453.5
1411,11,2.4,1991.74
1411,8,1.9,7113.37
1412,1,3.5,20640.85
1412,6,1.8,3898.83
1413,5,1.2,16403.31
1413,3,3.6,1435.29
1415,6,4.8,4398.13
1415,11,1.7,2173.19
1417,6,3.5,3802.75
1422,8,1.0,7268.39
1423,9,3.6,31283.76
1427,4,3.1,109118.19
1428,8,1.3,9139.69
1428,4,2.3,109676.32
1431,10,2.2,138910.08
1431,3,2.0,1555.79
1432,2,3.4,1954.4
1434,3,1.7,1874.33
1441,12,4.4,7906.44
1441,3,3.3,1844.83
1442,3,1.6,2082.84
1442,1,1.3,33474.23
1444,11,3.0,3059.27
1444,7,2.6,6919.77
1444,12,3.6,8740.77
1445,6,3.7,6192.06
1448,11,3.9,3237.94
1448,7,2.8,7323.9
1448,14,1.1,42401.56
1449,15,1.6,1905.29
1449,5,2.2,24387.75
1451,2,3.4,2289.24
1453,1,4.4,32509.79
1453,3,4.0,2022.83
1455,11,4.1,3293.18
1455,9,3.5,47045.45
1459,10,3.8,208607.15
1462,8,1.9,13844.36
1463,10,2.9,222151.68
1463,3,4.6,2488.1
1467,7,3.3,8686.16
1468,4,2.5,150787.99
1473,4,4.1,177757.48
1474,3,4.7,2548.74
1474,12,3.5,10923.17
1474,7,2.6,8647.51
1483,13,3.6,39437.51
1483,4,4.4,74723.69
1484,10,2.3,96309.37
1486,6,2.6,3380.39
1486,8,1.5,5965.39
1496,11,2.4,2059.47
1496,14,3.0,26969.26
1499,9,2.6,28136.53
1501,9,4.2,28919.77
1501,2,2.7,1542.39
1502,14,4.7,25420.49
1502,10,3.9,115547.68
1503,6,1.5,3858.28
1503,4,2.6,81704.75
1505,7,2.0,4523.63
1507,12,4.0,5936.35
1511,8,2.7,8836.72
1515,13,3.9,55061.66
1519,11,1.5,2260.6
1519,7,3.0,5113.25
1523,2,4.5,2069.23
1524,13,2.1,62818.13
1524,12,3.6,7934.92
1524,10,4.2,165310.86
1526,2,2.9,2128.32
1528,11,4.2,2554.31
1533,6,2.6,5327.98
1533,7,2.9,5954.8
1534,7,4.4,6154.11
1534,1,3.2,29151.05
1534,13,1.8,61541.1
1535,10,2.0,164317.46
1539,12,3.4,8244.18
1540,2,4.1,2553.58
1540,10,3.4,199498.37
1540,9,4.5,47879.61
1541,12,4.5,9228.32
1541,2,3.8,2460.89
1545,14,3.8,40566.9
1547,7,2.8,7323.2
1547,8,3.6,11562.95
1547,12,4.1,9250.36
1550,1,4.8,35541.01
1554,11,4.3,3826.4
1556,5,1.6,31092.08
1556,13,1.4,92304.61
1559,7,3.5,8509.96
1560,3,3.1,2444.93
1560,13,1.9,82952.88
1563,8,1.2,13395.56
1564,12,2.4,10477.94
1569,12,4.5,5185.37
1573,5,2.4,12235.98
1577,13,3.1,39556.47
1577,14,4.5,22901.12
1579,3,4.7,1394.41
1584,2,4.4,1555.99
1585,12,1.2,6211.29
1585,7,2.7,4917.27
1588,14,2.4,25016.34
1588,13,2.6,43210.05
1589,4,1.5,91434.45
1591,2,1.7,1654.07
1591,1,3.1,23260.36
1592,11,4.8,1950.04
1594,2,3.3,1603.92
1594,8,4.3,7518.39
1594,10,1.2,125306.47
1596,11,3.5,2029.37
1596,3,4.9,1352.91
1602,3,2.6,1655.06
1602,1,2.1,26599.19
1604,8,2.7,7544.16
1604,11,4.5,2112.36
1604,14,1.0,27661.91
1605,11,3.8,2537.52
1606,7,2.1,5203.64
1607,14,3.1,30833.28
1607,12,1.0,6727.26
1612,6,1.6,5362.11
1614,4,2.0,107250.19
1618,15,4.5,1628.38
1619,8,2.6,9945.7
1619,11,3.0,2784.8
1621,6,3.4,6018.43
1625,11,2.6,2923.92
1627,2,2.9,2243.59
1627,10,1.7,175280.5
1628,3,2.7,2088.95
1629,8,3.2,10868.63
1633,3,2.3,2349.95
1637,8,1.6,11486.51
1640,2,1.6,2861.37
1641,7,1.3,7608.73
1647,3,2.6,2538.15
1649,8,4.9,12487.04
1651,6,2.9,7596.95
1651,12,3.8,10725.1
1652,3,4.6,2704.92
1654,9,4.7,56326.18
1654,8,4.4,14081.55
1656,3,2.1,3070.05
1657,12,4.9,12228.76
1657,13,2.2,96810.99
1660,4,3.2,189417.27
1662,9,2.2,22563.84
1662,8,2.8,5640.96
1662,2,4.7,1203.4
1664,14,4.1,24182.11
1665,8,3.0,5849.73
1666,6,5.0,3507.75
1668,13,3.8,42266.97
1673,12,4.4,5317.79
1675,7,3.1,4162.81
1675,15,3.8,1095.48
1677,4,3.6,79496.32
1677,11,1.9,1854.91
1679,1,3.4,20564.63
1679,5,1.4,14623.74
1686,2,3.0,1720.9
1686,3,2.5,1505.79
1688,15,2.5,1249.91
1689,12,4.4,6385.74
1695,2,4.5,1891.29
1695,14,1.2,32506.51
1695,13,1.2,56147.62
1698,6,1.3,4659.87
1699,7,3.5,5394.01
1699,8,4.8,8516.85
1703,13,1.1,50342.87
1704,8,4.7,8897.54
1705,12,4.6,7157.43
1707,13,1.6,58962.35
1707,8,2.5,9309.84
1708,4,3.3,117089.57
1708,15,2.3,1626.24
1712,2,2.7,2123.97
1713,1,1.4,34049.59
1714,14,2.0,38179.45
1716,10,4.7,189784.58
1716,14,3.1,41752.61
1717,1,4.7,30617.37
1721,6,2.4,6029.36
1723,9,3.5,48223.7
1723,13,1.5,76354.19
1724,1,2.1,33217.81
1727,10,4.9,206759.02
1727,3,3.4,2315.7
1730,5,2.8,25207.23
1732,10,1.7,205393.07
1734,8,4.5,14392.25
1735,1,1.1,38931.84
1745,3,2.7,2613.78
1747,5,2.3,14162.01
1747,12,1.7,5310.75
1747,4,2.0,79661.3
1748,4,3.7,89046.36
1748,7,2.7,4699.67
1749,2,3.8,1953.62
1752,4,2.4,77979.47
1758,11,2.8,1867.0
1764,6,1.4,4231.37
1765,4,4.7,95127.46
1767,10,2.5,178730.37
1768,1,4.8,32261.57
1769,2,4.6,2740.29
1769,4,3.2,154141.05
1769,6,3.0,7278.88
1770,10,1.4,254897.41
1770,15,4.5,2548.97
1770,4,3.0,183526.14
1776,8,1.7,11570.0
1776,14,1.1,42423.34
1777,12,4.3,11365.1
1777,6,3.3,8050.28
1780,14,3.4,34340.18
1781,5,2.6,22535.16
1782,9,1.2,51003.37
1782,8,3.8,12750.84
1783,12,4.1,11672.79
1785,5,3.1,18785.21
1785,8,2.1,8805.57
1791,14,4.8,23361.9
1791,11,3.6,1784.0
1793,7,1.4,4695.99
1796,9,3.5,53309.68
1799,2,4.6,2009.58
1799,14,3.8,34539.74
1800,10,2.1,182268.56
1801,8,2.8,12528.71
1809,12,1.6,10768.03
1810,12,4.3,6129.28
1811,6,3.8,4479.91
1811,10,1.6,131762.2
1817,4,4.4,86059.02
1817,3,3.4,1338.7
1817,1,4.4,21514.76
1818,14,1.1,30106.02
1825,10,1.7,144044.16
1825,13,4.1,54736.78
1826,3,2.7,2077.12
1826,10,4.5,185457.5
1828,11,2.7,3308.07
1829,13,3.4,36562.0
1829,6,4.4,3271.34
1833,4,1.4,141784.81
1835,2,4.7,3125.75
1835,6,1.7,8302.77
1837,5,2.4,24868.47
1840,5,2.1,14648.62
1842,15,4.4,1268.54
1842,2,3.5,1623.73
1843,5,4.0,27660.42
1843,15,4.0,2160.97
1845,2,4.2,3015.1
1845,14,4.2,51822.06
1845,15,1.6,2355.55
1847,6,5.0,6991.4
1851,5,4.0,27750.84
1852,11,4.1,1568.47
1853,10,2.4,99576.44
1855,9,1.5,34108.21
1856,9,4.5,29360.96
1856,5,3.0,15659.18
1857,15,1.7,1433.7
1858,12,1.4,7029.27
1859,8,4.9,9572.34
1859,15,3.7,1595.39
1873,15,2.8,1010.97
1873,5,1.2,12940.43
1873,11,1.6,1698.43
1874,4,3.2,93268.01
1875,11,2.3,2125.44
1877,10,2.7,175571.96
1878,8,2.4,9793.5
1879,11,1.4,3174.79
1881,9,3.9,55562.42
1881,3,2.5,2592.91
1881,7,1.6,8797.38
1883,3,4.0,1142.3
1884,3,3.1,1373.05
1891,14,2.3,42394.71
1891,2,4.0,2466.6
1895,2,3.3,1283.88
1895,1,1.5,18054.51
1895,13,1.1,38115.09
1898,3,1.6,1536.8
1908,10,1.7,120503.99
1908,14,2.9,26510.88
1910,10,2.8,161522.08
1912,14,3.3,41815.26
1915,2,3.1,3352.02
1919,12,3.0,6371.5
1922,15,3.3,2050.92
1922,13,3.2,77935.03
1923,2,3.1,2742.49
1925,7,3.6,9685.42
1927,1,4.2,22685.1
1932,11,4.4,3275.24
1934,14,3.3,23316.64
1934,4,2.4,76308.99
1937,4,4.7,97143.48
1939,9,3.6,34898.44
1942,13,2.7,83170.24
1943,5,2.2,28970.62
1944,8,2.1,6042.58
1944,2,4.4,1289.08
1944,4,3.7,72510.96
1946,5,4.7,14888.66
1948,5,1.2,18249.61
1949,8,1.1,9722.16
1949,6,4.6,5509.23
1949,1,3.3,29166.49
1952,5,1.6,26854.28
1953,12,4.2,9693.04
1953,15,2.7,2019.38
1953,1,3.1,36348.88
1955,3,1.7,1212.23
1955,6,1.2,3679.98
1955,12,2.6,5195.26
1961,12,2.4,8851.23
1961,14,1.9,40568.14
1963,15,1.3,1090.08
1963,5,2.5,13952.98
1967,11,3.3,2804.67
1967,7,1.2,6343.9
1968,14,1.5,40496.07
1968,9,4.7,44177.53
1968,1,1.5,33133.14
1971,11,1.7,1604.14
1973,5,1.8,14270.26
1973,12,1.0,5351.35
1974,13,2.3,44599.83
1975,6,3.2,4801.31
1975,7,2.5,5366.17
1977,6,3.2,6039.14
1977,11,3.8,2984.04
1978,8,1.9,10441.61
1979,7,3.1,8634.62
1982,15,4.9,1126.33
1982,9,1.8,27031.88
1991,11,4.3,3929.55
1992,15,2.9,1071.99
1994,6,3.0,4568.78
1995,14,4.9,28763.43
1995,3,4.6,1464.32
1995,12,3.1,6275.66
1998,11,2.8,3242.53
1998,4,4.4,138965.57
1999,3,1.4,2225.95
1999,4,1.7,143096.54
1999,8,3.9,11924.71
2000,3,2.9,2332.69
2000,12,2.6,9997.23
2001,6,3.5,6989.27
2003,8,4.7,6629.97
2004,12,4.8,5540.96
2004,7,2.1,4386.59
2004,13,3.9,43865.92
2005,1,3.6,22425.81
2008,12,2.1,8479.16
2010,6,1.4,6838.72
2010,10,2.2,201138.88
2010,9,2.8,48273.33
2011,13,1.6,75624.16
2012,15,1.6,2215.08
2013,1,4.9,19963.89
2013,6,3.4,3770.96
2015,9,4.7,26051.22
2015,8,2.7,6512.8
2019,11,3.2,2333.58
2023,6,4.6,5529.32
2025,10,1.1,176048.42
2025,14,3.5,38730.65
2026,10,1.0,166331.93
2026,6,1.4,5655.29
2026,3,4.9,1862.92
2028,14,1.9,39409.45
2028,5,4.6,22929.14
2029,6,1.8,7052.84
2030,4,1.5,179969.56
2033,6,4.5,3522.73
2033,15,4.3,1036.1
2034,9,4.9,28776.37
2034,6,3.9,4076.65
2036,13,1.5,45275.13
2036,14,2.0,26211.92
2037,2,1.3,1606.04
2041,7,2.8,6078.88
2044,11,4.2,3239.14
2045,4,2.9,134104.98
2045,7,4.7,7077.76
2047,12,2.1,9924.49
2047,13,1.9,78568.85
2052,13,4.6,86741.25
2053,3,4.6,1187.4
2054,2,3.4,1352.14
2055,11,4.9,2090.1
2055,3,3.9,1393.4
2056,9,1.7,26988.68
2056,15,4.7,1124.53
2062,2,4.2,2000.5
2066,1,3.1,35200.15
2067,7,2.0,7868.57
2069,14,4.0,44141.45
2071,10,1.3,228603.23
2071,14,2.8,50292.71
2072,6,1.6,8882.23
2077,10,2.1,112603.61
2079,6,2.5,4075.68
2080,3,3.6,1502.08
2085,11,3.0,3097.54
2087,15,1.7,1832.58
2092,4,5.0,182919.1
2093,10,3.1,100422.22
2094,13,3.8,39408.45
2095,4,1.1,73396.67
2095,13,1.2,38737.13
2096,11,4.5,1874.59
2096,15,3.0,1115.83
2099,2,3.6,1814.07
2100,6,4.0,4867.48
2100,5,1.1,18324.62
2100,2,2.1,1832.46
2102,14,4.5,32943.67
2102,15,4.7,1497.44
2106,2,1.2,2548.0
2110,14,4.8,50122.13
2111,8,4.8,14482.51
2117,12,4.6,5465.4
2118,4,4.0,98922.51
2120,15,4.6,1468.34
2121,10,2.2,154948.13
2122,4,3.5,116266.44
2123,1,2.1,29466.87
2125,2,3.8,2495.63
2125,4,1.7,140379.29
2126,10,3.4,210662.86
2128,8,1.5,12896.93
2129,6,1.6,8210.98
2130,4,2.5,74918.66
2131,1,3.1,22206.27
2133,3,1.3,1538.95
2135,9,2.3,35374.13
2137,9,3.9,41012.49
2138,1,4.6,28719.37
2140,12,4.8,7887.93
2140,11,4.0,2760.78
2143,15,2.4,1920.58
2143,7,4.6,7298.19
2144,2,3.1,2583.87
2144,11,1.5,3391.33
2144,5,2.5,25838.71
2146,2,4.5,2823.64
2146,7,2.6,8382.68
2148,10,3.3,222357.38
2153,7,3.4,4039.79
2153,15,1.6,1063.1
2155,7,1.5,5299.22
2157,3,4.5,1628.96
2158,10,3.3,144248.15
2162,12,2.9,9179.12
2162,14,1.0,42070.97
2162,2,2.4,2447.77
2169,5,4.4,34666.12
2171,1,2.3,19218.15
2173,11,1.1,1914.85
2174,11,2.9,2151.32
2180,15,4.3,1708.53
2180,3,3.1,1913.55
2180,7,2.8,6492.41
2183,12,2.1,10104.71
2183,8,2.3,12630.89
2183,6,1.9,7157.5
2184,5,3.6,27587.33
2185,3,2.6,2454.66
2197,5,4.7,17281.24
2204,11,4.8,3319.44
2206,5,3.9,26589.92
2207,5,3.9,24702.23
2214,13,2.1,45548.77
2215,5,1.1,15644.98
2215,2,3.1,1564.5
2216,4,1.9,95438.07
2216,12,3.9,6362.54
2217,3,1.8,1426.54
2218,2,4.5,1725.32
2221,8,4.3,9661.49
2228,15,2.5,2299.66
2230,15,2.9,1041.2
2230,13,1.2,39565.47
2231,15,1.1,1148.31
2231,1,4.2,20669.64
2231,2,4.3,1469.84
2232,15,3.1,1220.74
2233,14,2.8,25135.16
2240,13,4.8,62938.2
2240,2,3.7,2120.02
2241,4,1.1,122292.78
2241,2,3.9,2174.09
2244,1,1.4,36747.0
2245,7,3.1,8545.59
2248,1,4.2,42844.61
2249,4,2.6,69581.71
2251,8,2.4,6514.82
2253,11,2.9,1936.42
2253,15,2.6,1152.63
2255,3,2.1,1593.67
2255,5,2.8,18213.42
2258,12,4.8,7318.46
2261,5,4.4,22154.63
2263,10,2.2,188958.84
2264,8,4.9,11303.45
2266,2,3.4,2848.63
2266,6,1.8,7566.69
2267,1,4.1,38723.4
2267,3,2.9,2409.46
2267,13,1.5,81749.39
2268,9,4.3,51473.32
2270,8,2.6,13891.17
2270,11,5.0,3889.53
2273,9,3.6,27920.68
2276,12,2.2,5588.82
2281,15,2.1,1403.27
2281,2,1.4,1796.19
2290,7,4.2,8754.95
2293,8,4.2,6121.26
2297,11,3.0,2074.68
2301,12,2.4,7647.79
2304,13,2.4,58685.31
2305,2,2.2,2377.98
2307,10,4.1,223721.46
2307,5,3.6,28636.35
2310,3,4.9,2873.85
2312,9,1.5,27922.66
2312,11,2.6,1954.59
2314,15,4.0,1764.55
2314,4,3.4,127047.72
2318,6,1.2,6558.46
2318,4,3.1,138885.08
2320,11,3.3,1807.92
2320,15,4.6,1076.14
2321,4,4.2,139024.45
2325,10,5.0,176816.74
2326,14,2.6,48774.82
2329,12,2.9,9281.21
2330,5,4.2,29880.66
2331,13,2.3,44834.28
2333,8,4.6,11573.91
2333,12,2.7,9259.13
2334,13,1.9,57521.48
2334,5,3.8,19375.66
2336,1,3.0,22530.36
2336,9,1.1,30040.48
2339,5,3.9,13813.04
2339,7,2.8,4100.75
2342,12,4.7,5636.97
2346,3,2.0,1578.44
2346,5,4.7,18039.36
2348,2,2.2,3084.88
2348,1,3.6,43381.11
2348,11,3.4,4048.9
2349,2,4.4,1971.7
2350,5,3.9,24632.71
2350,15,4.4,1924.43
2352,12,1.1,5319.65
2354,5,2.2,22729.24
2354,10,1.1,177572.15
2356,8,3.4,13507.55
2359,4,2.3,134717.91
2364,12,1.2,5352.98
2371,1,1.4,25358.7
2373,2,3.7,2056.07
2373,8,1.9,9637.84
2374,15,2.5,1873.96
2375,10,1.7,209618.46
2379,4,1.1,153981.65
2382,10,1.3,113741.72
2383,2,1.4,1479.5
2387,9,1.8,36212.39
2388,7,5.0,5943.77
2388,12,1.4,7507.93
2390,12,1.9,8662.19
2390,14,2.8,39701.71
2390,6,1.1,6135.72
2392,1,2.6,36141.97
2394,4,1.8,148004.16
2398,15,2.9,2595.2
2399,14,2.0,22994.48
2400,7,1.3,4518.72
2405,3,3.9,1392.04
2406,3,4.6,1601.89
2406,13,4.0,54349.67
2407,7,2.1,5584.97
2411,1,1.8,32327.1
2414,14,1.3,47537.79
2417,11,1.2,4086.22
2417,5,3.1,31133.12
2417,4,4.9,175123.82
2419,11,1.7,1736.89
2423,10,3.2,111353.07
2424,5,4.2,17161.72
2426,7,3.2,5220.99
2426,6,2.7,4671.41
2428,1,3.2,29995.22
2428,2,4.5,2132.99
2428,8,3.8,9998.41
2429,7,1.2,5960.74
2429,10,2.2,156861.66
2433,1,2.4,31812.28
2437,10,3.4,219843.66
2437,14,3.5,48365.6
2437,4,3.4,158287.43
2438,11,4.7,3771.98
2438,14,3.9,49395.0
2438,5,3.0,28738.91
2439,14,3.7,22053.65
2442,5,1.9,15163.62
2442,3,2.4,1326.82
2442,11,4.2,1990.22
2444,1,1.8,23015.69
2446,11,3.3,2414.81
2448,2,1.2,1944.39
2449,8,5.0,11061.83
2449,6,2.4,6268.37
2452,8,3.3,10813.13
2454,15,1.5,2309.17
2455,13,3.0,85299.26
2458,13,2.0,88273.83
2458,11,2.6,3902.63
2462,10,3.0,124502.82
2463,15,1.0,1372.32
2464,15,2.3,1368.43
2464,6,3.7,4652.66
2465,2,3.0,2038.15
2465,5,4.6,20381.46
2468,7,4.1,7108.3
2468,10,3.3,187060.58
2476,10,4.7,118148.18
2477,13,4.8,44355.54
2477,4,3.2,84042.07
2477,10,2.5,116725.1
2479,15,3.5,1133.78
2486,13,1.4,60650.41
2486,2,4.9,2042.96
2491,2,4.2,2861.38
2491,1,4.3,40238.19
2491,4,2.2,160952.75
2493,12,4.8,11202.29
2497,4,4.6,75154.16
2497,1,2.5,18788.54
2498,13,3.6,39643.89
2499,10,4.2,110448.36
2499,3,1.6,1237.02
2500,10,4.2,129348.25
2502,5,4.2,15275.21
2502,6,4.4,4057.48
2505,5,2.6,16614.58
2505,15,1.4,1298.01
2506,9,3.5,33300.42
2506,11,3.0,2331.03
2506,15,3.0,1387.52
2511,2,4.6,2814.56
2512,9,3.0,57225.64
2517,2,1.1,1437.46
2517,7,2.4,4267.45
2520,11,3.7,2016.37
2520,9,3.9,28805.24
2521,4,2.0,87152.59
2524,15,3.3,1728.52
2524,3,3.4,1935.95
2525,5,1.3,23561.95
2531,7,1.1,9934.41
2533,1,1.1,20321.06
2534,6,1.4,3456.5
2537,15,2.2,1217.79
2539,1,2.3,27224.12
2542,14,4.0,38621.85
2542,6,1.3,5968.83
2543,2,3.0,2278.32
2543,15,3.4,1779.93
2545,3,4.0,2281.32
2548,8,4.5,14182.05
2548,14,4.6,52000.84
2549,3,4.4,2542.15
2550,9,1.6,52167.7
2552,15,3.4,1048.04
2553,2,4.5,1608.66
2553,14,3.0,27648.82
2553,6,2.1,4273.0
2557,7,1.8,4884.13
2557,14,3.6,28276.52
2557,15,3.6,1285.3
2559,10,4.6,153325.65
2559,14,1.7,33731.64
2561,6,1.4,4978.64
2563,14,1.0,38575.68
2564,11,2.3,3161.7
2564,8,2.8,11291.79
2571,6,4.8,7249.7
2573,13,4.0,38871.25
2576,4,1.0,92398.57
2576,13,3.3,48765.91
2579,2,2.3,1674.87
2580,12,4.4,6990.19
2580,13,2.8,55338.99
2580,10,1.6,145628.91
2583,8,4.6,9233.75
2583,6,1.7,5232.46
2584,7,2.8,6668.31
2585,15,2.9,1737.34
2585,14,1.0,38221.44
2585,10,2.8,173733.82
2589,3,3.6,2721.75
2590,2,4.6,2755.95
2590,5,3.9,27559.54
2594,6,4.4,4243.76
2595,8,3.5,6701.87
2605,11,1.7,3171.79
2607,3,3.3,2204.48
2609,14,3.7,44135.47
2615,15,1.5,1235.98
2615,11,4.3,2076.44
2621,11,1.9,2869.12
2623,10,4.9,186826.88
2623,15,4.1,1868.27
2625,14,1.1,42727.76
2625,11,3.8,3262.85
2626,12,2.5,9830.9
2631,10,4.7,181177.27
2632,13,2.6,93234.4
2636,12,2.5,5175.82
2637,14,2.0,28488.47
2638,4,1.3,97671.32
2642,5,4.3,14663.09
2645,2,2.9,2711.86
2645,6,3.0,7203.38
2646,1,3.0,45631.65
2648,4,2.5,150816.98
2648,1,1.3,37704.25
2649,10,2.1,141310.46
2650,6,3.2,7274.4
2652,5,4.7,16590.69
2652,9,1.7,31107.54
2652,8,4.3,7776.88
2656,15,2.8,1642.73
2656,10,3.4,164273.14
2658,2,1.4,2694.52
2663,4,1.2,173063.01
2665,10,4.2,126830.95
2666,8,1.6,7374.92
2666,10,3.2,122915.35
2668,15,1.4,1235.33
2669,11,2.3,1902.94
2671,5,2.1,28603.48
2672,15,4.4,1446.49
