evento_id,tecnico_id
1,2
2,1
3,4
3,5
4,5
5,3
5,4
6,6
7,6
8,4
8,1
8,6
9,6
10,1
10,4
11,2
12,1
12,6
13,4
14,1
15,3
15,4
16,2
16,4
17,2
18,1
18,3
19,4
20,5
20,4
20,2
21,5
22,3
23,5
23,4
24,6
25,6
26,6
27,4
27,5
27,1
28,3
29,1
29,4
30,5
30,2
30,4
31,2
32,6
32,2
32,1
33,3
34,1
35,2
36,4
36,3
37,4
38,5
39,6
40,4
41,4
42,1
42,4
43,3
44,4
45,3
45,4
46,3
46,2
46,1
47,2
48,3
48,1
49,5
50,6
51,2
52,4
52,1
53,2
53,3
54,4
55,2
55,5
56,3
56,1
57,2
58,5
58,1
58,3
59,1
60,2
61,3
62,4
63,3
64,4
65,1
65,5
65,2
66,5
67,6
67,4
68,5
69,5
70,4
70,1
71,6
72,3
73,3
74,2
75,4
76,3
76,6
77,3
78,5
78,3
78,4
79,1
79,3
80,5
81,4
81,6
82,4
83,4
84,2
85,5
86,1
87,3
88,3
88,2
89,2
89,1
90,4
91,4
91,2
91,5
92,6
93,6
94,6
94,1
95,5
95,3
96,4
97,5
97,4
97,1
98,6
99,4
99,3
100,4
101,13
102,12
102,10
102,9
103,9
103,12
104,12
105,12
106,11
107,9
107,8
107,11
108,11
108,7
109,12
110,8
110,7
111,11
112,11
112,12
113,9
114,13
115,11
115,8
116,11
117,8
117,9
117,12
118,10
118,8
119,9
120,11
121,12
121,8
122,11
123,8
124,8
125,8
126,7
126,10
127,10
127,7
128,10
129,9
129,10
129,13
130,11
130,10
131,10
131,12
132,13
133,10
133,8
133,11
134,10
135,11
136,8
136,11
136,12
137,8
138,12
139,8
140,10
141,10
142,11
143,12
143,8
144,11
144,10
145,8
146,10
146,13
147,10
147,13
148,8
148,7
149,8
149,13
150,8
151,12
151,7
152,11
153,9
153,11
153,8
154,8
154,13
155,13
156,9
156,12
157,13
157,12
158,13
159,12
160,22
160,15
160,16
161,17
161,20
162,16
163,20
164,17
164,14
165,19
166,21
166,22
167,21
168,19
169,20
170,16
170,21
171,22
171,18
172,21
172,19
172,17
173,20
173,19
174,16
174,20
174,17
175,17
176,18
177,14
178,17
178,14
179,17
180,22
181,16
181,18
182,19
183,14
183,18
183,16
184,19
185,15
185,21
186,17
187,19
187,20
188,21
188,19
189,21
190,20
191,18
192,18
192,14
193,29
194,25
194,23
194,24
195,24
196,26
196,25
197,23
198,25
199,27
200,26
201,24
201,25
202,24
202,25
203,28
203,30
204,27
205,24
206,24
207,24
208,25
209,25
209,28
210,24
211,29
211,25
211,28
212,24
213,24
214,28
214,25
215,24
216,29
216,27
217,25
217,28
218,24
219,29
220,26
221,29
221,26
222,29
223,26
224,27
225,30
225,27
226,29
226,25
226,24
227,29
227,25
228,25
229,24
230,25
231,29
231,24
232,26
233,29
234,29
235,30
236,28
236,30
237,25
238,29
239,27
239,29
240,25
241,27
241,24
242,28
242,24
243,29
244,24
244,29
245,30
245,29
246,29
247,24
248,25
249,29
250,24
251,24
251,23
251,28
252,28
252,25
252,26
253,30
253,24
254,29
254,23
255,23
256,27
256,29
256,23
257,34
257,37
258,36
259,35
259,37
260,37
261,35
262,36
262,33
262,35
263,37
264,31
265,34
265,33
266,36
266,37
266,34
267,32
268,31
269,35
270,34
270,35
271,35
272,37
272,32
273,37
274,35
274,37
274,36
275,32
276,37
276,32
277,35
278,37
278,32
279,37
280,35
281,34
282,31
282,37
283,35
283,37
284,37
285,37
286,34
287,33
288,31
289,31
290,33
290,31
291,35
291,32
291,33
292,34
293,34
293,37
294,37
294,35
295,35
295,31
296,31
297,36
298,31
298,33
299,35
300,31
300,33
300,37
301,36
301,33
302,35
303,35
304,32
304,33
305,37
305,34
306,32
306,37
307,32
307,36
308,36
308,33
309,37
309,34
310,37
311,34
311,37
312,36
313,31
314,35
314,31
314,37
315,35
315,31
315,36
316,31
316,33
316,35
317,31
317,35
318,33
318,36
319,31
320,28
321,30
322,33
323,37
323,35
324,34
325,28
326,26
326,28
327,25
327,24
328,23
328,24
329,28
330,35
330,34
331,32
332,37
332,35
333,37
334,33
335,32
335,35
335,37
336,32
336,37
337,37
338,31
339,32
339,36
340,34
341,34
342,34
343,37
344,2
344,1
345,2
346,2
347,4
347,1
347,2
348,2
349,1
350,2
351,1
351,6
352,2
353,3
354,3
355,2
356,3
357,3
357,6
358,5
359,3
360,2
360,3
361,2
362,3
362,1
363,6
364,3
364,2
364,4
365,3
365,4
366,5
367,3
368,3
369,3
369,6
370,2
371,1
372,1
372,2
373,4
374,5
374,2
374,3
375,6
376,6
377,4
377,2
378,2
379,4
380,5
381,2
381,3
382,3
383,4
383,3
384,3
384,6
385,4
385,2
386,2
386,3
387,26
388,24
389,29
389,30
390,27
390,29
391,25
391,30
392,24
392,29
392,23
393,29
393,24
393,27
394,29
395,27
395,29
396,26
397,25
397,27
398,29
398,28
398,30
399,23
399,27
400,23
401,29
402,30
402,27
403,24
404,24
405,24
405,29
405,26
406,37
407,33
407,37
407,36
408,35
409,37
409,32
410,33
410,31
411,32
412,32
412,36
413,37
414,33
415,37
415,33
416,36
416,37
416,31
417,31
418,32
418,36
419,36
419,37
419,32
420,31
420,33
420,35
421,36
422,32
422,31
423,31
424,36
424,32
424,31
425,37
425,31
426,32
427,34
427,37
428,37
429,37
430,37
431,36
432,34
432,33
433,33
434,31
434,34
435,32
436,31
436,37
437,34
437,37
438,36
438,33
439,32
439,35
440,35
441,32
441,37
442,31
443,37
444,36
444,37
445,37
445,36
446,36
446,33
447,31
448,6
449,4
449,3
450,4
450,2
450,3
451,2
452,2
453,2
454,2
454,5
454,1
455,4
455,6
455,3
456,2
456,3
457,1
457,5
458,4
459,2
460,3
461,5
461,2
462,5
463,2
464,4
465,1
466,6
466,3
466,5
467,4
467,3
468,5
469,2
469,3
470,2
470,4
471,3
472,5
472,3
472,2
473,2
473,3
474,3
475,2
476,2
477,2
478,1
478,5
478,2
479,4
479,6
480,4
480,2
481,2
482,5
482,2
483,2
483,3
484,3
484,5
485,4
486,2
486,3
487,3
488,2
488,3
489,25
490,27
490,29
491,29
492,25
493,29
494,23
494,28
494,29
495,29
496,29
497,24
497,29
498,29
499,28
499,25
500,28
501,29
501,27
502,29
502,24
503,27
504,29
504,24
505,29
505,24
506,24
507,27
507,24
508,29
509,29
509,27
510,27
510,29
511,37
511,34
512,33
513,31
514,31
515,36
515,37
516,33
517,37
518,37
519,34
520,35
521,37
522,33
523,37
524,36
524,35
525,32
525,37
526,31
526,32
527,31
528,34
529,37
530,36
531,34
532,37
533,36
534,36
534,33
535,36
536,37
536,31
537,36
537,37
538,34
538,37
539,34
539,35
540,31
541,34
541,37
542,37
543,37
543,34
544,34
544,37
544,35
545,36
546,33
547,32
548,36
548,32
548,37
549,37
549,36
550,32
551,4
551,1
552,3
552,2
553,6
553,2
554,3
554,2
555,4
556,1
557,3
557,4
558,3
558,4
559,2
560,6
560,2
561,4
561,3
561,1
562,1
562,3
563,6
564,3
565,2
566,4
567,3
567,5
568,5
569,5
570,5
570,1
570,3
571,3
571,2
572,1
573,7
574,9
574,8
575,13
576,10
576,11
577,9
577,10
578,10
579,13
580,8
581,7
581,9
582,11
582,10
583,9
584,10
585,7
585,8
586,8
587,9
588,9
589,10
590,8
590,10
591,8
592,18
593,21
593,18
594,22
595,22
596,17
596,16
597,26
597,29
598,29
599,23
599,26
600,37
601,35
601,37
602,31
603,35
603,37
604,36
605,34
606,37
607,33
608,34
609,37
609,33
610,32
611,5
612,6
613,4
614,3
614,1
615,3
615,1
616,6
617,2
618,3
619,6
619,3
620,1
621,3
622,1
622,2
622,3
623,3
623,2
624,2
625,2
625,3
626,3
626,2
626,6
627,4
628,5
629,2
630,3
630,2
630,1
631,2
632,3
633,4
633,6
633,3
634,3
635,2
636,3
636,2
637,2
638,2
638,5
639,3
640,6
640,5
641,2
642,5
642,6
643,3
644,1
645,1
646,2
647,3
647,2
648,2
648,1
649,1
649,2
649,3
650,2
651,3
651,6
652,3
653,1
654,4
654,2
654,3
655,3
656,6
657,2
658,5
658,2
658,3
659,3
659,4
660,3
660,2
660,5
661,2
662,3
662,6
663,4
664,1
664,3
665,4
666,1
666,3
667,2
667,6
667,1
668,2
669,3
669,4
670,4
670,3
671,3
671,2
672,3
673,3
674,2
675,4
675,2
676,6
676,5
676,1
677,3
678,3
678,5
679,3
679,6
679,5
680,5
681,2
682,3
682,6
682,2
683,1
684,2
685,5
686,3
687,3
688,3
688,2
689,2
690,3
691,2
692,5
693,3
694,2
694,3
695,2
696,6
697,1
697,6
698,1
699,6
700,4
701,3
701,2
702,4
703,3
704,4
705,3
705,2
706,7
707,7
707,8
708,10
709,9
709,10
710,12
710,11
711,12
711,10
712,10
712,8
713,13
714,7
715,8
716,10
717,10
718,9
719,9
720,8
720,13
721,8
721,9
722,7
723,10
723,11
723,13
724,7
724,8
725,8
726,8
727,7
727,11
728,7
729,9
729,10
730,7
730,8
731,8
732,11
732,9
732,10
733,8
733,7
733,12
734,8
734,10
735,10
736,8
736,11
737,10
738,9
738,8
739,11
740,8
740,13
741,8
741,10
742,13
743,7
743,9
744,10
745,12
746,12
746,8
747,11
748,9
749,11
749,12
749,9
750,9
750,8
751,9
751,10
752,11
752,8
753,10
753,8
754,10
755,13
755,8
756,8
757,12
757,13
757,10
758,10
759,8
760,7
761,13
762,11
762,8
763,9
763,7
764,8
765,12
765,8
766,9
766,8
767,11
767,8
768,7
769,7
770,8
771,10
772,8
773,12
773,8
773,9
774,8
774,10
774,12
775,8
776,8
777,11
778,10
778,9
779,10
780,8
781,11
782,19
782,21
783,18
784,20
784,19
785,22
786,21
787,21
787,14
788,17
789,17
790,18
791,17
791,19
792,14
792,20
793,19
794,19
794,20
795,14
795,17
795,21
796,20
796,17
797,21
798,17
798,16
799,19
799,22
800,17
801,19
802,15
803,25
804,25
804,27
805,24
805,28
806,28
806,27
807,30
807,29
808,29
809,26
810,29
811,29
812,26
812,24
812,30
813,29
814,25
815,25
816,24
816,29
816,30
817,29
818,29
819,29
819,30
820,29
821,25
821,30
822,29
822,26
823,26
823,30
824,29
825,37
826,37
827,34
827,37
828,34
828,32
829,35
830,34
831,31
831,37
831,35
832,32
833,37
833,32
834,34
834,36
835,32
835,31
836,33
837,34
838,37
838,34
839,37
840,33
841,37
842,37
843,31
844,37
845,36
846,35
846,32
846,37
847,36
848,35
848,33
849,32
849,33
850,33
851,36
852,34
853,32
853,37
853,31
854,37
854,35
854,33
855,37
856,37
857,37
857,31
858,37
858,31
859,32
859,37
860,33
861,32
861,31
862,31
862,36
863,35
863,34
864,37
865,37
865,35
866,35
866,37
866,31
867,35
868,3
869,3
870,2
870,4
871,5
871,2
872,6
873,3
874,3
875,3
875,2
876,1
876,2
877,3
878,2
878,3
879,1
879,6
880,2
881,2
881,3
882,5
882,3
882,4
883,4
884,1
885,8
886,8
886,7
887,10
887,13
888,8
889,9
890,11
891,13
892,10
893,7
894,10
895,8
895,13
896,8
897,8
898,10
899,10
899,8
900,11
901,8
902,10
903,12
904,13
905,10
906,12
907,12
908,10
908,8
909,13
910,8
910,9
910,10
911,8
911,12
912,8
912,10
912,9
913,10
913,8
914,8
914,13
915,7
916,8
917,10
918,10
919,9
920,11
920,8
920,10
921,12
921,10
922,15
923,14
924,14
925,20
926,19
926,17
927,22
928,21
929,20
930,20
931,19
931,20
932,29
932,23
933,29
934,30
934,25
935,29
935,27
936,29
937,26
937,25
938,24
938,27
939,30
939,29
940,23
941,25
942,26
942,23
943,31
943,35
944,32
945,37
945,31
945,36
946,31
947,35
948,33
949,35
950,36
951,36
952,34
953,36
953,31
954,37
955,35
956,37
957,37
958,36
958,33
959,32
959,34
960,37
961,37
961,32
962,37
962,35
963,37
964,37
964,32
965,33
966,34
967,31
967,34
968,34
969,37
969,32
970,37
971,37
972,6
972,1
973,6
973,1
973,3
974,2
975,2
975,1
975,5
976,4
976,1
977,3
977,4
978,5
978,3
978,1
979,4
980,4
980,2
981,1
982,6
982,4
983,5
983,1
984,2
985,1
985,4
985,3
986,2
986,6
987,6
988,3
988,5
989,1
989,5
990,4
990,5
991,3
991,2
992,4
993,1
994,2
994,1
995,5
995,2
996,6
996,2
997,2
998,2
998,3
999,6
1000,4
1001,2
1001,4
1001,1
1002,1
1003,2
1004,3
1004,5
1005,2
1005,1
1005,6
1006,3
1006,1
1007,5
1008,1
1009,5
1010,2
1010,6
1010,3
1011,6
1011,4
1012,2
1013,4
1013,2
1014,2
1014,6
1015,2
1016,6
1017,2
1018,1
1019,1
1020,4
1021,3
1022,1
1022,2
1023,4
1023,6
1023,1
1024,5
1025,4
1026,3
1027,4
1027,1
1028,5
1029,4
1030,3
1031,5
1032,1
1033,1
1033,5
1033,3
1034,1
1035,2
1035,4
1036,4
1036,3
1037,1
1038,4
1038,3
1038,2
1039,2
1040,2
1041,4
1042,3
1043,4
1043,1
1044,3
1044,4
1045,1
1045,4
1046,31
1047,32
1048,34
1049,34
1050,33
1051,34
1052,37
1052,31
1053,36
1054,37
1054,35
1055,31
1055,32
1056,34
1056,36
1057,32
1057,33
1057,37
1058,36
1058,35
1059,33
1059,31
1059,35
1060,34
1060,35
1061,36
1062,34
1063,34
1064,35
1065,37
1066,33
1066,31
1066,32
1067,37
1068,32
1068,36
1068,33
1069,37
1069,35
1070,32
1071,32
1071,34
1071,35
1072,36
1073,33
1074,35
1075,37
1075,36
1076,36
1077,35
1078,33
1078,34
1079,33
1079,36
1080,35
1081,31
1081,32
1082,31
1082,32
1083,31
1083,35
1084,31
1085,37
1086,33
1087,34
1088,32
1088,34
1089,36
1089,35
1090,34
1090,35
1091,37
1092,35
1093,36
1093,31
1094,31
1094,32
1095,32
1095,35
1096,37
1097,33
1097,36
1098,35
1099,35
1099,36
1100,37
1100,32
1101,36
1102,34
1103,34
1103,32
1104,33
1105,31
1106,32
1106,36
1107,33
1107,37
1107,32
1108,37
1108,36
1109,32
1110,37
1111,34
1112,33
1113,33
1114,33
1114,34
1115,33
1116,34
1116,32
1117,36
1118,32
1118,33
1119,35
1120,37
1121,37
1122,33
1123,2
1124,3
1124,1
1124,6
1125,1
1126,3
1127,1
1127,5
1127,2
1128,5
1129,4
1129,2
1130,5
1131,3
1131,2
1132,1
1132,4
1133,2
1133,3
1134,4
1135,4
1135,1
1135,3
1136,2
1136,5
1137,1
1138,6
1139,4
1139,2
1140,6
1140,3
1140,5
1141,2
1141,4
1141,3
1142,4
1142,2
1143,5
1144,3
1145,5
1146,1
1147,1
1147,5
1148,5
1149,1
1150,6
1151,2
1151,1
1152,2
1153,1
1153,6
1154,5
1155,1
1156,2
1156,6
1157,6
1157,5
1158,3
1159,2
1159,4
1160,4
1161,1
1162,36
1162,33
1162,31
1163,32
1163,35
1164,32
1164,31
1165,35
1166,37
1167,32
1167,34
1168,33
1169,31
1169,32
1170,32
1171,37
1171,35
1172,35
1172,32
1172,37
1173,31
1174,35
1174,37
1174,31
1175,32
1175,33
1176,33
1176,35
1177,37
1177,31
1178,37
1179,34
1179,31
1180,37
1181,36
1182,32
1183,37
1183,33
1184,34
1185,33
1186,31
1186,35
1187,36
1188,36
1188,35
1189,33
1189,31
1190,31
1190,33
1191,35
1192,34
1193,37
1193,35
1194,36
1195,32
1196,34
1197,34
1197,36
1198,32
1198,34
1199,34
1199,35
1200,33
1201,32
1201,31
1202,36
1202,35
1203,37
1204,4
1205,4
1205,5
1206,2
1206,4
1206,5
1207,6
1207,5
1208,2
1208,3
1208,5
1209,2
1210,3
1211,6
1211,2
1212,1
1213,3
1214,18
1214,19
1215,15
1215,20
1216,14
1216,17
1217,14
1218,16
1219,22
1219,19
1219,20
1220,17
1220,18
1220,19
1221,21
1221,14
1221,20
1222,16
1223,20
1224,16
1225,15
1225,21
1226,26
1227,30
1228,24
1228,27
1228,28
1229,26
1230,25
1230,29
1231,29
1232,23
1232,25
1232,26
1233,23
1233,24
1234,25
1234,26
1235,30
1235,23
1236,26
1236,29
1236,23
1237,28
1237,23
1238,23
1239,28
1240,27
1240,23
1240,24
1241,2
1242,2
1242,5
1243,4
1244,1
1245,4
1245,5
1246,3
1247,1
1247,3
1248,1
1249,4
1249,5
1249,3
1250,5
1251,6
1251,1
1252,13
1253,7
1254,7
1255,13
1255,12
1256,13
1257,13
1257,11
1258,9
1258,12
1258,13
1259,13
1259,10
1260,9
1260,12
1261,10
1262,13
1262,11
1262,8
1263,15
1264,22
1265,14
1266,14
1266,17
1267,15
1268,20
1269,21
1270,21
1270,22
1270,19
1271,15
1272,21
1272,19
1273,20
1273,19
1274,18
1275,14
1276,14
1277,18
1277,20
1277,15
1278,18
1278,19
1279,18
1279,19
1280,21
1280,16
1281,17
1281,16
1281,18
1282,21
1283,22
1283,14
1284,14
1284,18
1285,20
1286,16
1286,15
1287,16
1288,18
1288,21
1289,17
1289,22
1289,20
1290,21
1291,20
1292,21
1292,20
1293,16
1293,22
1294,20
1294,21
1295,17
1296,22
1296,20
1297,16
1298,17
1299,19
1299,17
1300,22
1301,16
1301,18
1302,16
1303,16
1303,18
1304,18
1305,20
1305,15
1306,20
1307,14
1307,22
1307,16
1308,21
1308,15
1308,14
1309,16
1309,18
1309,20
1310,19
1310,14
1311,19
1311,15
1312,19
1312,14
1313,18
1313,16
1313,14
1314,16
1315,21
1316,15
1316,20
1317,18
1317,22
1318,14
1319,16
1320,14
1321,22
1321,21
1322,19
1322,20
1323,17
1324,14
1325,18
1325,15
1326,21
1327,17
1328,15
1329,14
1329,16
1330,18
1330,19
1330,15
1331,17
1332,16
1333,14
1333,15
1334,18
1334,19
1335,20
1336,18
1336,21
1337,14
1338,18
1339,17
1339,16
1340,16
1340,19
1341,22
1342,20
1343,30
1343,28
1344,25
1345,27
1345,29
1346,24
1346,23
1347,27
1348,23
1349,23
1349,25
1350,26
1351,28
1352,27
1352,30
1353,23
1354,28
1355,30
1356,29
1356,25
1357,25
1357,26
1358,23
1358,29
1359,28
1359,23
1360,23
1361,23
1361,30
1362,23
1362,28
1362,26
1363,29
1364,23
1364,27
1365,23
1366,30
1366,25
1367,27
1367,26
1368,25
1368,26
1369,28
1370,23
1371,24
1372,23
1373,26
1373,24
1374,29
1374,23
1375,24
1375,26
1376,23
1376,26
1377,26
1378,29
1379,23
1380,23
1380,26
1381,23
1382,23
1383,28
1383,23
1384,12
1385,9
1386,7
1386,13
1387,12
1388,8
1389,13
1390,7
1391,8
1391,7
1391,12
1392,8
1393,11
1393,9
1393,8
1394,9
1395,11
1395,9
1396,3
1397,5
1397,6
1398,6
1398,4
1399,4
1400,1
1401,3
1402,3
1402,1
1403,4
1403,2
1403,3
1404,6
1405,6
1406,5
1407,4
1408,3
1409,4
1409,3
1409,5
1410,6
1411,2
1412,2
1413,3
1413,2
1413,5
1414,1
1415,1
1415,5
1416,2
1416,4
1417,4
1418,5
1418,4
1419,1
1419,6
1420,5
1421,1
1422,6
1423,4
1423,3
1424,4
1425,5
1426,4
1426,2
1427,2
1428,2
1429,4
1429,6
1430,1
1430,4
1431,2
1431,4
1431,6
1432,5
1432,6
1433,4
1434,2
1434,1
1435,4
1436,6
1436,3
1437,1
1437,6
1438,4
1438,3
1439,1
1440,2
1440,5
1441,4
1442,1
1443,3
1444,4
1445,4
1446,1
1446,3
1447,1
1448,4
1449,5
1450,1
1450,4
1451,1
1452,4
1452,1
1452,5
1453,4
1453,5
1453,3
1454,5
1455,3
1456,3
1457,1
1458,6
1459,3
1460,4
1460,5
1461,4
1462,3
1463,1
1463,2
1464,4
1465,4
1466,1
1466,6
1467,3
1467,4
1468,6
1469,4
1470,4
1470,2
1470,6
1471,4
1472,4
1472,6
1473,4
1474,2
1474,1
1475,4
1475,1
1475,2
1476,4
1477,2
1477,4
1478,6
1478,5
1478,4
1479,4
1480,5
1481,4
1481,2
1482,5
1483,1
1484,4
1484,1
1485,5
1486,4
1486,5
1486,3
1487,4
1487,5
1488,3
1488,2
1489,1
1489,4
1490,1
1491,4
1491,5
1492,1
1493,3
1494,3
1494,1
1495,1
1495,3
1495,6
1496,3
1496,6
1497,1
1498,6
1499,5
1500,2
1501,6
1501,1
1502,4
1503,4
1504,6
1505,3
1506,2
1507,3
1508,3
1508,1
1509,4
1509,3
1510,4
1511,4
1511,5
1512,6
1513,3
1514,1
1515,2
1516,5
1516,4
1517,3
1518,4
1518,1
1519,3
1520,5
1520,6
1521,4
1522,3
1522,4
1523,2
1523,3
1524,4
1525,2
1526,5
1527,6
1527,5
1528,1
1529,4
1530,2
1530,6
1531,4
1532,4
1532,5
1533,5
1533,3
1534,5
1535,4
1535,2
1536,6
1537,3
1538,4
1539,4
1540,2
1541,1
1542,6
1542,5
1543,1
1543,6
1544,5
1545,3
1545,1
1546,4
1547,1
1547,4
1547,2
1548,4
1549,2
1550,3
1551,5
1551,2
1552,6
1552,2
1553,1
1554,5
1555,4
1555,3
1556,2
1556,1
1557,4
1557,5
1558,4
1559,6
1559,4
1560,6
1561,3
1562,1
1563,4
1563,2
1564,4
1565,3
1566,5
1567,3
1567,4
1567,5
1568,6
1569,18
1570,16
1571,20
1571,14
1572,22
1572,18
1573,16
1574,21
1575,22
1575,14
1576,22
1576,19
1576,16
1577,14
1578,14
1579,16
1579,14
1580,19
1581,16
1581,21
1581,22
1582,20
1582,18
1583,16
1583,21
1583,17
1584,20
1585,22
1585,18
1586,22
1587,14
1588,18
1589,21
1589,14
1590,18
1590,22
1591,18
1592,18
1592,14
1593,14
1594,18
1595,20
1595,14
1596,20
1597,19
1597,20
1598,22
1598,18
1598,16
1599,18
1600,14
1601,22
1602,21
1603,19
1603,14
1603,22
1604,16
1604,18
1605,20
1606,18
1606,22
1606,17
1607,21
1607,14
1608,22
1608,16
1608,21
1609,14
1610,18
1611,14
1612,18
1612,21
1612,15
1613,21
1614,17
1615,16
1615,18
1615,14
1616,17
1616,14
1617,17
1618,22
1618,21
1619,22
1620,14
1620,16
1621,18
1622,22
1623,15
1624,18
1624,14
1624,21
1625,18
1626,19
1626,22
1627,19
1627,14
1628,17
1629,16
1630,16
1630,18
1631,22
1632,20
1633,16
1633,21
1634,20
1634,22
1634,17
1635,22
1635,20
1635,18
1636,18
1637,19
1638,20
1639,16
1640,16
1641,16
1641,14
1642,16
1643,16
1644,20
1644,22
1645,16
1646,18
1647,15
1648,16
1648,18
1649,22
1649,16
1650,18
1651,14
1652,15
1653,19
1654,14
1654,18
1655,16
1655,20
1655,14
1656,14
1656,16
1656,22
1657,15
1657,21
1658,18
1658,14
1659,22
1660,16
1661,24
1662,25
1663,24
1664,23
1665,28
1666,25
1667,28
1667,30
1668,23
1669,24
1670,26
1670,28
1670,30
1671,25
1671,29
1672,24
1673,29
1674,25
1674,28
1675,28
1676,24
1677,29
1678,24
1678,23
1678,28
1679,26
1680,24
1681,27
1681,24
1681,25
1682,23
1683,24
1683,25
1684,25
1685,29
1686,28
1687,24
1688,28
1689,28
1690,27
1691,24
1692,23
1692,25
1693,28
1693,24
1694,25
1695,25
1696,25
1697,23
1698,24
1699,28
1700,24
1701,25
1701,24
1702,28
1702,30
1703,28
1703,24
1704,24
1705,29
1706,29
1707,24
1708,26
1708,25
1709,24
1710,28
1711,28
1711,29
1712,28
1713,25
1713,28
1714,30
1714,25
1714,28
1715,29
1716,30
1716,25
1717,28
1717,24
1717,23
1718,24
1718,28
1719,25
1720,23
1720,27
1721,29
1722,28
1723,29
1723,26
1724,23
1725,26
1726,24
1726,26
1727,27
1728,25
1728,26
1729,28
1730,25
1730,24
1731,28
1731,23
1732,25
1733,24
1733,28
1734,28
1734,30
1735,28
1736,28
1736,26
1737,30
1738,30
1739,25
1740,28
1740,27
1740,25
1741,23
1742,25
1742,24
1743,30
1744,25
1744,30
1745,25
1746,6
1747,2
1748,5
1748,3
1748,1
1749,2
1749,1
1750,1
1750,2
1750,6
1751,1
1751,2
1751,5
1752,2
1752,4
1753,5
1754,6
1755,4
1755,5
1756,2
1757,5
1758,2
1758,6
1759,1
1760,6
1761,3
1762,1
1762,2
1763,3
1764,6
1765,6
1765,1
1766,1
1767,3
1768,4
1769,1
1769,6
1770,6
1771,7
1771,9
1772,11
1773,12
1774,13
1775,10
1776,8
1776,7
1777,10
1777,11
1778,30
1779,29
1779,23
1779,24
1780,29
1780,30
1780,23
1781,29
1781,30
1782,27
1782,23
1783,29
1783,27
1783,30
1784,27
1785,29
1785,30
1785,27
1786,30
1787,28
1788,23
1789,29
1790,27
1790,25
1791,29
1792,28
1793,27
1793,29
1794,25
1794,24
1795,29
1796,29
1796,30
1796,25
1797,29
1798,28
1798,27
1799,29
1800,30
1800,27
1801,27
1801,30
1802,30
1802,24
1802,27
1803,30
1803,28
1804,28
1805,26
1806,24
1806,29
1807,27
1807,30
1808,30
1808,27
1809,30
1809,24
1810,37
1811,33
1812,31
1812,36
1812,37
1813,34
1813,31
1814,37
1814,33
1815,35
1816,37
1817,33
1817,37
1817,35
1818,33
1818,37
1818,31
1819,35
1820,37
1821,35
1822,32
1822,33
1823,37
1823,35
1823,36
1824,33
1824,31
1825,33
1825,37
1826,36
1827,37
1828,34
1828,31
1828,36
1829,31
1830,31
1830,32
1831,35
1832,33
1832,34
1832,37
1833,34
1833,36
1834,33
1834,32
1835,33
1835,36
1836,25
1837,29
1838,26
1838,30
1839,29
1839,23
1840,33
1841,37
1841,32
1842,12
1842,9
1843,13
1844,8
1845,10
1846,10
1847,10
1847,13
1847,12
1848,10
1848,12
1849,8
1849,13
1850,30
1851,27
1852,4
1852,3
1853,3
1853,1
1854,1
1854,3
1855,2
1856,2
1856,4
1856,3
1857,2
1857,3
1857,4
1858,2
1858,5
1859,3
1859,4
1859,2
1860,2
1861,2
1861,1
1862,14
1863,19
1863,15
1864,14
1865,17
1865,20
1866,17
1866,14
1867,17
1868,22
1869,16
1870,22
1870,18
1871,14
1872,19
1872,18
1873,18
1874,14
1874,18
1875,21
1876,22
1877,18
1878,18
1879,17
1880,17
1881,16
1881,21
1882,20
1882,14
1883,21
1883,17
1884,17
1885,14
1886,20
1887,16
1888,17
1888,15
1888,16
1889,19
1890,21
1891,17
1891,21
1892,21
1892,16
1893,14
1893,22
1894,26
1895,29
1896,24
1897,24
1897,25
1898,30
1898,29
1899,25
1900,25
1900,28
1901,29
1902,29
1903,28
1904,27
1905,23
1906,24
1907,29
1907,28
1907,26
1908,25
1909,27
1910,24
1910,23
1911,26
1912,25
1913,24
1914,30
1914,24
1915,25
1916,27
1916,28
1917,29
1918,24
1919,26
1920,29
1921,29
1921,30
1922,29
1923,25
1923,28
1924,29
1924,28
1924,24
1925,25
1925,28
1926,27
1926,24
1927,24
1927,25
1928,28
1929,25
1930,26
1930,29
1931,24
1932,25
1932,30
1933,29
1934,29
1935,28
1936,29
1937,25
1938,26
1938,29
1939,24
1939,29
1940,28
1941,25
1942,29
1942,30
1943,24
1943,26
1944,35
1945,37
1946,31
1947,32
1947,31
1948,37
1949,33
1950,35
1951,35
1952,37
1953,35
1953,34
1954,33
1955,31
1956,33
1957,32
1958,36
1959,36
1960,37
1961,34
1962,34
1962,33
1963,37
1964,34
1964,37
1965,34
1966,33
1967,37
1967,35
1967,32
1968,31
1968,37
1969,37
1970,31
1970,35
1971,5
1972,4
1973,2
1974,5
1975,6
1975,4
1976,1
1977,1
1978,4
1979,4
1980,4
1980,5
1981,1
1982,7
1983,11
1984,9
1984,8
1985,13
1986,9
1987,11
1988,7
1989,11
1990,13
1991,10
1991,13
1992,25
1992,28
1993,26
1994,28
1995,25
1995,27
1995,29
1996,24
1997,23
1998,25
1999,29
2000,25
2001,25
2001,28
2002,25
2002,24
2003,34
2004,33
2005,31
2006,34
2007,35
2008,35
2008,33
2008,34
2009,37
2009,33
2010,33
2011,35
2011,36
2011,37
2012,37
2013,5
2013,6
2014,4
2015,5
2015,4
2016,5
2017,4
2017,6
2018,4
2018,5
2019,3
2019,6
2020,4
2020,6
2020,1
2021,1
2021,6
2022,3
2023,4
2024,3
2024,4
2025,4
2026,4
2026,5
2026,6
2027,1
2028,6
2028,1
2029,4
2030,1
2030,3
2031,6
2032,4
2032,5
2033,6
2034,1
2035,2
2036,4
2036,3
2037,4
2037,1
2038,4
2038,5
2038,3
2039,4
2040,6
2041,3
2042,4
2042,5
2043,6
2043,4
2044,5
2045,2
2046,4
2047,3
2047,2
2048,4
2049,5
2050,5
2050,6
2050,4
2051,5
2051,4
2052,1
2053,6
2053,4
2054,4
2055,5
2055,4
2056,4
2057,2
2057,5
2057,6
2058,4
2059,5
2059,1
2060,2
2061,4
2061,3
2062,3
2062,4
2063,1
2063,6
2064,4
2064,2
2065,5
2065,4
2066,4
2067,3
2068,3
2068,5
2069,4
2070,4
2070,2
2070,3
2071,5
2071,4
2072,3
2072,2
2072,5
2073,1
2074,3
2074,2
2074,1
2075,3
2076,5
2077,4
2078,5
2078,6
2079,1
2080,2
2081,4
2081,2
2082,6
2083,2
2084,4
2084,3
2085,3
2085,6
2086,4
2086,6
2087,1
2088,2
2088,4
2089,3
2090,5
2091,2
2092,1
2093,6
2093,4
2094,4
2094,6
2095,5
2095,2
2096,2
2097,1
2098,2
2098,6
2099,2
2099,3
2099,5
2100,4
2100,5
2100,1
2101,5
2102,2
2102,5
2103,3
2103,4
2104,2
2104,5
2104,4
2105,6
2105,4
2106,3
2107,4
2108,4
2109,5
2110,3
2111,4
2111,6
2112,5
2112,3
2113,4
2114,5
2115,3
2115,5
2115,4
2116,4
2117,6
2117,3
2118,3
2118,4
2119,4
2119,6
2120,4
2121,5
2122,2
2123,3
2123,4
2124,4
2124,6
2124,3
2125,5
2126,5
2127,2
2127,5
2128,6
2129,6
2129,1
2130,2
2131,3
2132,4
2132,6
2133,4
2134,3
2134,4
2135,4
2135,6
2136,1
2136,4
2136,5
2137,4
2138,2
2138,4
2139,1
2139,2
2140,5
2140,4
2141,1
2142,2
2142,6
2143,1
2143,4
2144,6
2144,4
2144,2
2145,4
2145,2
2146,4
2146,3
2146,2
2147,2
2148,2
2149,1
2150,9
2151,11
2152,11
2153,9
2154,10
2155,11
2155,9
2156,13
2157,7
2158,13
2159,9
2159,7
2159,11
2160,7
2161,9
2162,11
2163,11
2163,7
2164,12
2165,9
2166,9
2167,9
2168,9
2168,11
2169,9
2169,11
2170,24
2170,28
2170,27
2171,23
2171,25
2172,25
2173,25
2173,24
2174,28
2175,25
2175,24
2176,25
2176,23
2176,24
2177,24
2177,25
2177,30
2178,29
2178,27
2179,26
2179,28
2180,27
2180,25
2181,24
2181,26
2182,26
2183,28
2184,25
2184,23
2185,24
2186,28
2186,24
2187,25
2187,28
2188,28
2189,23
2190,28
2191,27
2191,28
2191,23
2192,28
2192,25
2193,23
2194,23
2195,28
2195,24
2196,28
2196,27
2196,30
2197,24
2197,30
2198,24
2199,28
2200,25
2200,27
2200,29
2201,27
2202,23
2202,30
2203,25
2203,28
2203,23
2204,28
2205,28
2205,27
2206,24
2206,25
2207,28
2208,25
2208,27
2209,25
2210,24
2210,28
2210,23
2211,28
2212,34
2212,36
2213,35
2213,33
2214,34
2215,33
2215,31
2216,33
2217,35
2217,37
2218,32
2218,35
2219,35
2219,33
2220,31
2220,32
2221,33
2222,31
2222,35
2223,33
2223,34
2224,35
2224,31
2225,35
2225,31
2225,37
2226,33
2227,32
2228,31
2229,33
2230,35
2230,34
2231,33
2232,35
2232,33
2233,35
2233,36
2233,32
2234,36
2234,35
2234,37
2235,31
2235,34
2236,35
2236,33
2237,37
2238,31
2239,33
2239,32
2240,37
2240,33
2241,33
2242,33
2242,35
2243,33
2243,34
2243,35
2244,35
2245,31
2246,31
2247,35
2247,34
2248,37
2249,33
2249,35
2250,33
2250,31
2251,37
2252,35
2252,36
2253,37
2254,35
2255,33
2256,33
2257,33
2258,36
2258,31
2259,34
2260,34
2260,37
2261,33
2262,35
2262,34
2262,37
2263,31
2264,35
2265,32
2265,33
2266,31
2266,36
2267,36
2268,32
2268,35
2269,33
2269,32
2270,35
2270,32
2271,35
2271,33
2272,33
2273,31
2273,36
2274,35
2275,35
2276,35
2276,37
2277,31
2278,33
2279,31
2279,35
2280,37
2281,37
2282,37
2282,35
2283,35
2284,33
2285,36
2286,31
2286,35
2287,31
2288,31
2289,32
2289,31
2290,36
2291,33
2291,35
2292,36
2293,31
2294,31
2295,35
2296,31
2297,35
2297,36
2298,36
2299,34
2299,32
2300,31
2301,35
2301,31
2302,36
2303,34
2304,31
2304,35
2304,33
2305,36
2306,31
2307,35
2308,32
2309,33
2310,36
2310,33
2311,35
2311,33
2312,4
2313,4
2313,3
2314,2
2315,2
2316,1
2317,6
2318,3
2319,4
2319,1
2320,3
2321,2
2321,4
2322,3
2323,2
2323,4
2324,4
2325,5
2326,6
2327,4
2328,4
2329,6
2329,5
2330,4
2331,4
2332,2
2333,6
2334,3
2335,4
2336,11
2337,9
2338,9
2339,24
2339,28
2340,24
2341,26
2342,26
2343,23
2343,25
2344,24
2345,34
2346,35
2346,31
2347,35
2348,35
2349,33
2349,31
2350,33
2350,31
2351,31
2352,31
2352,35
2353,37
2353,31
2353,33
2354,35
2354,32
2355,34
2355,35
2356,37
2356,33
2356,31
2357,35
2357,34
2358,34
2359,37
2360,33
2360,34
2361,4
2361,1
2362,4
2362,6
2363,5
2363,6
2363,4
2364,6
2364,4
2364,2
2365,4
2366,4
2366,5
2367,2
2367,4
2368,6
2369,4
2369,6
2370,4
2370,6
2371,1
2372,5
2372,6
2373,4
2374,6
2374,4
2375,5
2376,6
2376,5
2377,6
2378,6
2379,5
2380,1
2381,3
2381,1
2381,5
2382,4
2383,4
2383,1
2383,5
2384,4
2385,1
2386,6
2387,2
2388,4
2388,6
2388,2
2389,2
2390,2
2391,3
2392,3
2392,4
2393,3
2394,4
2394,3
2395,6
2396,4
2397,4
2398,1
2399,4
2399,2
2400,1
2400,6
2400,4
2401,1
2402,5
2402,4
2403,2
2404,5
2404,4
2405,4
2405,5
2406,2
2407,6
2407,4
2408,1
2409,4
2410,1
2411,2
2411,4
2412,2
2412,4
2413,3
2414,4
2414,1
2414,2
2415,6
2416,4
2416,2
2417,5
2417,2
2417,4
2418,4
2419,9
2420,11
2420,9
2421,7
2422,11
2423,13
2423,11
2424,10
2424,8
2425,11
2425,13
2425,9
2426,9
2427,13
2427,12
2428,9
2429,9
2430,11
2430,10
2430,12
2431,13
2432,7
2432,11
2433,11
2434,9
2435,9
2435,7
2436,9
2436,11
2437,7
2437,13
2438,9
2439,11
2440,9
2441,11
2442,9
2443,9
2444,9
2444,10
2445,11
2445,9
2446,11
2446,7
2447,9
2448,9
2448,11
2449,11
2450,9
2451,11
2451,13
2452,10
2452,8
2453,11
2453,8
2453,10
2454,9
2454,11
2455,9
2455,13
2456,9
2456,12
2456,10
2457,9
2457,11
2457,8
2458,7
2458,9
2459,8
2460,9
2461,8
2462,12
2463,11
2464,7
2465,9
2466,11
2467,9
2468,8
2468,11
2469,9
2469,10
2470,13
2470,9
2471,9
2471,8
2471,10
2472,10
2472,11
2472,12
2473,11
2473,9
2474,11
2474,9
2474,12
2475,11
2475,9
2476,15
2477,19
2477,22
2478,22
2479,16
2480,19
2480,22
2480,18
2481,16
2482,18
2482,20
2483,16
2484,22
2484,16
2485,14
2486,22
2487,16
2488,21
2488,16
2489,17
2489,16
2489,22
2490,22
2491,22
2491,15
2492,22
2493,22
2493,16
2494,16
2494,18
2495,18
2495,15
2496,22
2496,16
2497,22
2497,16
2498,22
2498,20
2499,18
2500,18
2500,14
2501,21
2502,22
2503,21
2504,22
2505,16
2505,22
2506,18
2506,17
2507,20
2507,17
2507,18
2508,21
2509,16
2509,15
2510,22
2511,17
2511,14
2512,20
2513,16
2514,18
2514,21
2514,14
2515,22
2516,20
2516,18
2517,18
2518,15
2519,14
2520,14
2521,22
2522,14
2522,15
2522,22
2523,20
2524,19
2525,20
2526,15
2527,18
2528,18
2528,14
2528,16
2529,22
2529,14
2530,19
2530,16
2531,17
2531,18
2532,26
2532,28
2533,28
2534,28
2535,26
2536,25
2537,26
2538,25
2539,27
2540,29
2540,30
2540,23
2541,25
2542,28
2543,27
2543,29
2544,25
2544,24
2545,28
2545,25
2545,24
2546,28
2546,26
2547,25
2547,30
2547,27
2548,29
2548,28
2549,29
2550,23
2551,25
2551,26
2552,31
2553,35
2554,35
2555,31
2556,33
2557,37
2557,33
2558,34
2559,33
2560,35
2561,36
2562,33
2563,33
2563,31
2563,36
2564,33
2564,31
2565,33
2566,33
2567,35
2568,34
2568,31
2569,31
2569,35
2570,34
2571,33
2571,31
2572,33
2572,31
2573,33
2574,35
2574,33
2575,36
2575,31
2576,31
2576,33
2577,35
2577,36
2578,31
2579,32
2580,33
2581,31
2581,33
2582,32
2582,31
2583,32
2584,35
2585,31
2586,31
2587,35
2587,33
2587,34
2588,33
2589,35
2590,32
2590,35
2591,31
2592,32
2593,36
2594,33
2595,31
2596,31
2597,31
2598,35
2599,31
2599,35
2599,34
2600,33
2600,37
2601,33
2602,36
2602,33
2603,35
2603,34
2603,33
2604,31
2604,37
2605,35
2605,31
2606,32
2607,35
2608,35
2608,33
2609,36
2609,35
2609,33
2610,33
2610,31
2611,35
2611,33
2612,36
2612,34
2612,31
2613,35
2614,33
2614,31
2615,31
2616,33
2616,31
2617,36
2618,31
2619,37
2619,31
2620,34
2621,36
2622,31
2622,36
2623,33
2623,32
2624,36
2624,31
2625,37
2626,31
2627,35
2628,31
2628,35
2629,31
2629,33
2630,1
2630,2
2631,22
2631,16
2631,18
2632,6
2632,5
2632,4
2633,10
2634,29
2635,5
2636,32
2636,36
2636,37
2637,30
2637,28
2638,18
2639,8
2640,10
2640,9
2641,26
2642,10
2643,5
2644,27
2644,28
2644,29
2645,2
2646,3
2647,4
2648,24
2649,31
2650,9
2651,14
2652,8
2652,10
2653,4
2653,2
2654,31
2654,35
2655,25
2655,29
2656,23
2656,28
2657,29
2658,9
2658,11
2659,31
2659,33
2660,31
2660,35
2661,4
2662,10
2663,9
2664,31
2664,34
2664,37
2665,13
2666,15
2667,33
2668,30
2668,28
2668,24
2669,2
2670,14
2671,27
2672,9
2672,7
2673,3
